[     404ms] [WARNING] %c%s%c  ⚠ Unsupported metadata themeColor is configured in metadata export in /rooms. Please move it to viewport export instead.
Read more: https://nextjs.org/docs/app/api-reference/functions/generate-viewport background: #e6e6e6;background: light-dark(rgba(0,0,0,0.1), rgba(255,255,255,0.25));color: #000000;color: light-dark(#000000, #ffffff);border-radius: 2px  Server   @ webpack-internal:///(app-pages-browser)/./node_modules/next/dist/compiled/react-server-dom-webpack/cjs/react-server-dom-webpack-client.browser.development.js:2647
[     404ms] [WARNING] %c%s%c  ⚠ Unsupported metadata viewport is configured in metadata export in /rooms. Please move it to viewport export instead.
Read more: https://nextjs.org/docs/app/api-reference/functions/generate-viewport background: #e6e6e6;background: light-dark(rgba(0,0,0,0.1), rgba(255,255,255,0.25));color: #000000;color: light-dark(#000000, #ffffff);border-radius: 2px  Server   @ webpack-internal:///(app-pages-browser)/./node_modules/next/dist/compiled/react-server-dom-webpack/cjs/react-server-dom-webpack-client.browser.development.js:2647
[     512ms] [ERROR] WebSocket connection to 'ws://localhost:9000/_next/webpack-hmr' failed: Connection closed before receiving a handshake response @ webpack-internal:///(app-pages-browser)/./node_modules/next/dist/client/components/react-dev-overlay/utils/use-websocket.js:41
[     885ms] [ERROR] Failed to load resource: the server responded with a status of 404 (Not Found) @ http://localhost:9000/images/icon-192.png:0
[     887ms] [WARNING] Error while trying to use the following icon from the Manifest: http://localhost:9000/images/icon-192.png (Download error or resource isn't a valid image) @ http://localhost:9000/rooms:0
[   60480ms] [ERROR] Failed to load resource: net::ERR_FAILED @ http://localhost:9000/api/rooms?sort=newest:0
[   60488ms] [ERROR] TypeError: Failed to fetch
    at fetchRooms (webpack-internal:///(app-pages-browser)/./app/rooms/page.tsx:42:23)
    at RoomsPage.useEffect (webpack-internal:///(app-pages-browser)/./app/rooms/page.tsx:104:48) @ webpack-internal:///(app-pages-browser)/./node_modules/next/dist/client/components/globals/intercept-console-error.js:49
[   60512ms] [ERROR] Failed to load resource: net::ERR_FAILED @ http://localhost:9000/__nextjs_original-stack-frames:0
[   65463ms] [ERROR] Failed to load resource: net::ERR_FAILED @ http://localhost:9000/api/rooms?sort=newest:0
[   65464ms] [ERROR] TypeError: Failed to fetch
    at fetchRooms (webpack-internal:///(app-pages-browser)/./app/rooms/page.tsx:42:23)
    at RoomsPage.useEffect (webpack-internal:///(app-pages-browser)/./app/rooms/page.tsx:104:48) @ webpack-internal:///(app-pages-browser)/./node_modules/next/dist/client/components/globals/intercept-console-error.js:49
[   65483ms] [ERROR] Failed to load resource: net::ERR_FAILED @ http://localhost:9000/__nextjs_original-stack-frames:0
[   70465ms] [ERROR] Failed to load resource: net::ERR_FAILED @ http://localhost:9000/api/rooms?sort=newest:0
[   70465ms] [ERROR] TypeError: Failed to fetch
    at fetchRooms (webpack-internal:///(app-pages-browser)/./app/rooms/page.tsx:42:23)
    at RoomsPage.useEffect (webpack-internal:///(app-pages-browser)/./app/rooms/page.tsx:104:48) @ webpack-internal:///(app-pages-browser)/./node_modules/next/dist/client/components/globals/intercept-console-error.js:49
[   70484ms] [ERROR] Failed to load resource: net::ERR_FAILED @ http://localhost:9000/__nextjs_original-stack-frames:0
[   75465ms] [ERROR] Failed to load resource: net::ERR_FAILED @ http://localhost:9000/api/rooms?sort=newest:0
[   75466ms] [ERROR] TypeError: Failed to fetch
    at fetchRooms (webpack-internal:///(app-pages-browser)/./app/rooms/page.tsx:42:23)
    at RoomsPage.useEffect (webpack-internal:///(app-pages-browser)/./app/rooms/page.tsx:104:48) @ webpack-internal:///(app-pages-browser)/./node_modules/next/dist/client/components/globals/intercept-console-error.js:49
[   75486ms] [ERROR] Failed to load resource: net::ERR_FAILED @ http://localhost:9000/__nextjs_original-stack-frames:0
[   80464ms] [ERROR] Failed to load resource: net::ERR_FAILED @ http://localhost:9000/api/rooms?sort=newest:0
[   80464ms] [ERROR] TypeError: Failed to fetch
    at fetchRooms (webpack-internal:///(app-pages-browser)/./app/rooms/page.tsx:42:23)
    at RoomsPage.useEffect (webpack-internal:///(app-pages-browser)/./app/rooms/page.tsx:104:48) @ webpack-internal:///(app-pages-browser)/./node_modules/next/dist/client/components/globals/intercept-console-error.js:49
[   80474ms] [ERROR] Failed to load resource: net::ERR_FAILED @ http://localhost:9000/__nextjs_original-stack-frames:0
[   85463ms] [ERROR] Failed to load resource: net::ERR_FAILED @ http://localhost:9000/api/rooms?sort=newest:0
[   85463ms] [ERROR] TypeError: Failed to fetch
    at fetchRooms (webpack-internal:///(app-pages-browser)/./app/rooms/page.tsx:42:23)
    at RoomsPage.useEffect (webpack-internal:///(app-pages-browser)/./app/rooms/page.tsx:104:48) @ webpack-internal:///(app-pages-browser)/./node_modules/next/dist/client/components/globals/intercept-console-error.js:49
[   85476ms] [ERROR] Failed to load resource: net::ERR_FAILED @ http://localhost:9000/__nextjs_original-stack-frames:0
[   90463ms] [ERROR] Failed to load resource: net::ERR_FAILED @ http://localhost:9000/api/rooms?sort=newest:0
[   90463ms] [ERROR] TypeError: Failed to fetch
    at fetchRooms (webpack-internal:///(app-pages-browser)/./app/rooms/page.tsx:42:23)
    at RoomsPage.useEffect (webpack-internal:///(app-pages-browser)/./app/rooms/page.tsx:104:48) @ webpack-internal:///(app-pages-browser)/./node_modules/next/dist/client/components/globals/intercept-console-error.js:49
[   90472ms] [ERROR] Failed to load resource: net::ERR_FAILED @ http://localhost:9000/__nextjs_original-stack-frames:0
[   95463ms] [ERROR] Failed to load resource: net::ERR_FAILED @ http://localhost:9000/api/rooms?sort=newest:0
[   95464ms] [ERROR] TypeError: Failed to fetch
    at fetchRooms (webpack-internal:///(app-pages-browser)/./app/rooms/page.tsx:42:23)
    at RoomsPage.useEffect (webpack-internal:///(app-pages-browser)/./app/rooms/page.tsx:104:48) @ webpack-internal:///(app-pages-browser)/./node_modules/next/dist/client/components/globals/intercept-console-error.js:49
[   95478ms] [ERROR] Failed to load resource: net::ERR_FAILED @ http://localhost:9000/__nextjs_original-stack-frames:0
[  100464ms] [ERROR] Failed to load resource: net::ERR_FAILED @ http://localhost:9000/api/rooms?sort=newest:0
[  100464ms] [ERROR] TypeError: Failed to fetch
    at fetchRooms (webpack-internal:///(app-pages-browser)/./app/rooms/page.tsx:42:23)
    at RoomsPage.useEffect (webpack-internal:///(app-pages-browser)/./app/rooms/page.tsx:104:48) @ webpack-internal:///(app-pages-browser)/./node_modules/next/dist/client/components/globals/intercept-console-error.js:49
[  100484ms] [ERROR] Failed to load resource: net::ERR_FAILED @ http://localhost:9000/__nextjs_original-stack-frames:0
[  105463ms] [ERROR] Failed to load resource: net::ERR_FAILED @ http://localhost:9000/api/rooms?sort=newest:0
[  105463ms] [ERROR] TypeError: Failed to fetch
    at fetchRooms (webpack-internal:///(app-pages-browser)/./app/rooms/page.tsx:42:23)
    at RoomsPage.useEffect (webpack-internal:///(app-pages-browser)/./app/rooms/page.tsx:104:48) @ webpack-internal:///(app-pages-browser)/./node_modules/next/dist/client/components/globals/intercept-console-error.js:49
[  105472ms] [ERROR] Failed to load resource: net::ERR_FAILED @ http://localhost:9000/__nextjs_original-stack-frames:0
[  110464ms] [ERROR] Failed to load resource: net::ERR_FAILED @ http://localhost:9000/api/rooms?sort=newest:0
[  110464ms] [ERROR] TypeError: Failed to fetch
    at fetchRooms (webpack-internal:///(app-pages-browser)/./app/rooms/page.tsx:42:23)
    at RoomsPage.useEffect (webpack-internal:///(app-pages-browser)/./app/rooms/page.tsx:104:48) @ webpack-internal:///(app-pages-browser)/./node_modules/next/dist/client/components/globals/intercept-console-error.js:49
[  110472ms] [ERROR] Failed to load resource: net::ERR_FAILED @ http://localhost:9000/__nextjs_original-stack-frames:0
[  115463ms] [ERROR] Failed to load resource: net::ERR_FAILED @ http://localhost:9000/api/rooms?sort=newest:0
[  115463ms] [ERROR] TypeError: Failed to fetch
    at fetchRooms (webpack-internal:///(app-pages-browser)/./app/rooms/page.tsx:42:23)
    at RoomsPage.useEffect (webpack-internal:///(app-pages-browser)/./app/rooms/page.tsx:104:48) @ webpack-internal:///(app-pages-browser)/./node_modules/next/dist/client/components/globals/intercept-console-error.js:49
[  115474ms] [ERROR] Failed to load resource: net::ERR_FAILED @ http://localhost:9000/__nextjs_original-stack-frames:0
[  120467ms] [ERROR] Failed to load resource: net::ERR_FAILED @ http://localhost:9000/api/rooms?sort=newest:0
[  120467ms] [ERROR] TypeError: Failed to fetch
    at fetchRooms (webpack-internal:///(app-pages-browser)/./app/rooms/page.tsx:42:23)
    at RoomsPage.useEffect (webpack-internal:///(app-pages-browser)/./app/rooms/page.tsx:104:48) @ webpack-internal:///(app-pages-browser)/./node_modules/next/dist/client/components/globals/intercept-console-error.js:49
[  120477ms] [ERROR] Failed to load resource: net::ERR_FAILED @ http://localhost:9000/__nextjs_original-stack-frames:0
[  125462ms] [ERROR] Failed to load resource: net::ERR_FAILED @ http://localhost:9000/api/rooms?sort=newest:0
[  125462ms] [ERROR] TypeError: Failed to fetch
    at fetchRooms (webpack-internal:///(app-pages-browser)/./app/rooms/page.tsx:42:23)
    at RoomsPage.useEffect (webpack-internal:///(app-pages-browser)/./app/rooms/page.tsx:104:48) @ webpack-internal:///(app-pages-browser)/./node_modules/next/dist/client/components/globals/intercept-console-error.js:49
[  125471ms] [ERROR] Failed to load resource: net::ERR_FAILED @ http://localhost:9000/__nextjs_original-stack-frames:0
[  130462ms] [ERROR] Failed to load resource: net::ERR_FAILED @ http://localhost:9000/api/rooms?sort=newest:0
[  130462ms] [ERROR] TypeError: Failed to fetch
    at fetchRooms (webpack-internal:///(app-pages-browser)/./app/rooms/page.tsx:42:23)
    at RoomsPage.useEffect (webpack-internal:///(app-pages-browser)/./app/rooms/page.tsx:104:48) @ webpack-internal:///(app-pages-browser)/./node_modules/next/dist/client/components/globals/intercept-console-error.js:49
[  130470ms] [ERROR] Failed to load resource: net::ERR_FAILED @ http://localhost:9000/__nextjs_original-stack-frames:0
[  135463ms] [ERROR] Failed to load resource: net::ERR_FAILED @ http://localhost:9000/api/rooms?sort=newest:0
[  135463ms] [ERROR] TypeError: Failed to fetch
    at fetchRooms (webpack-internal:///(app-pages-browser)/./app/rooms/page.tsx:42:23)
    at RoomsPage.useEffect (webpack-internal:///(app-pages-browser)/./app/rooms/page.tsx:104:48) @ webpack-internal:///(app-pages-browser)/./node_modules/next/dist/client/components/globals/intercept-console-error.js:49
[  135478ms] [ERROR] Failed to load resource: net::ERR_FAILED @ http://localhost:9000/__nextjs_original-stack-frames:0
[  140463ms] [ERROR] Failed to load resource: net::ERR_FAILED @ http://localhost:9000/api/rooms?sort=newest:0
[  140463ms] [ERROR] TypeError: Failed to fetch
    at fetchRooms (webpack-internal:///(app-pages-browser)/./app/rooms/page.tsx:42:23)
    at RoomsPage.useEffect (webpack-internal:///(app-pages-browser)/./app/rooms/page.tsx:104:48) @ webpack-internal:///(app-pages-browser)/./node_modules/next/dist/client/components/globals/intercept-console-error.js:49
[  140471ms] [ERROR] Failed to load resource: net::ERR_FAILED @ http://localhost:9000/__nextjs_original-stack-frames:0
[  145462ms] [ERROR] Failed to load resource: net::ERR_FAILED @ http://localhost:9000/api/rooms?sort=newest:0
[  145462ms] [ERROR] TypeError: Failed to fetch
    at fetchRooms (webpack-internal:///(app-pages-browser)/./app/rooms/page.tsx:42:23)
    at RoomsPage.useEffect (webpack-internal:///(app-pages-browser)/./app/rooms/page.tsx:104:48) @ webpack-internal:///(app-pages-browser)/./node_modules/next/dist/client/components/globals/intercept-console-error.js:49
[  145473ms] [ERROR] Failed to load resource: net::ERR_FAILED @ http://localhost:9000/__nextjs_original-stack-frames:0
[  150462ms] [ERROR] Failed to load resource: net::ERR_FAILED @ http://localhost:9000/api/rooms?sort=newest:0
[  150462ms] [ERROR] TypeError: Failed to fetch
    at fetchRooms (webpack-internal:///(app-pages-browser)/./app/rooms/page.tsx:42:23)
    at RoomsPage.useEffect (webpack-internal:///(app-pages-browser)/./app/rooms/page.tsx:104:48) @ webpack-internal:///(app-pages-browser)/./node_modules/next/dist/client/components/globals/intercept-console-error.js:49
[  150477ms] [ERROR] Failed to load resource: net::ERR_FAILED @ http://localhost:9000/__nextjs_original-stack-frames:0
[  155462ms] [ERROR] Failed to load resource: net::ERR_FAILED @ http://localhost:9000/api/rooms?sort=newest:0
[  155463ms] [ERROR] TypeError: Failed to fetch
    at fetchRooms (webpack-internal:///(app-pages-browser)/./app/rooms/page.tsx:42:23)
    at RoomsPage.useEffect (webpack-internal:///(app-pages-browser)/./app/rooms/page.tsx:104:48) @ webpack-internal:///(app-pages-browser)/./node_modules/next/dist/client/components/globals/intercept-console-error.js:49
[  155481ms] [ERROR] Failed to load resource: net::ERR_FAILED @ http://localhost:9000/__nextjs_original-stack-frames:0
[  160462ms] [ERROR] Failed to load resource: net::ERR_FAILED @ http://localhost:9000/api/rooms?sort=newest:0
[  160462ms] [ERROR] TypeError: Failed to fetch
    at fetchRooms (webpack-internal:///(app-pages-browser)/./app/rooms/page.tsx:42:23)
    at RoomsPage.useEffect (webpack-internal:///(app-pages-browser)/./app/rooms/page.tsx:104:48) @ webpack-internal:///(app-pages-browser)/./node_modules/next/dist/client/components/globals/intercept-console-error.js:49
[  160476ms] [ERROR] Failed to load resource: net::ERR_FAILED @ http://localhost:9000/__nextjs_original-stack-frames:0
[  165462ms] [ERROR] Failed to load resource: net::ERR_FAILED @ http://localhost:9000/api/rooms?sort=newest:0
[  165462ms] [ERROR] TypeError: Failed to fetch
    at fetchRooms (webpack-internal:///(app-pages-browser)/./app/rooms/page.tsx:42:23)
    at RoomsPage.useEffect (webpack-internal:///(app-pages-browser)/./app/rooms/page.tsx:104:48) @ webpack-internal:///(app-pages-browser)/./node_modules/next/dist/client/components/globals/intercept-console-error.js:49
[  165474ms] [ERROR] Failed to load resource: net::ERR_FAILED @ http://localhost:9000/__nextjs_original-stack-frames:0
[  170460ms] [ERROR] Failed to load resource: net::ERR_FAILED @ http://localhost:9000/api/rooms?sort=newest:0
[  170460ms] [ERROR] TypeError: Failed to fetch
    at fetchRooms (webpack-internal:///(app-pages-browser)/./app/rooms/page.tsx:42:23)
    at RoomsPage.useEffect (webpack-internal:///(app-pages-browser)/./app/rooms/page.tsx:104:48) @ webpack-internal:///(app-pages-browser)/./node_modules/next/dist/client/components/globals/intercept-console-error.js:49
[  170469ms] [ERROR] Failed to load resource: net::ERR_FAILED @ http://localhost:9000/__nextjs_original-stack-frames:0
[  175463ms] [ERROR] Failed to load resource: net::ERR_FAILED @ http://localhost:9000/api/rooms?sort=newest:0
[  175463ms] [ERROR] TypeError: Failed to fetch
    at fetchRooms (webpack-internal:///(app-pages-browser)/./app/rooms/page.tsx:42:23)
    at RoomsPage.useEffect (webpack-internal:///(app-pages-browser)/./app/rooms/page.tsx:104:48) @ webpack-internal:///(app-pages-browser)/./node_modules/next/dist/client/components/globals/intercept-console-error.js:49
[  175478ms] [ERROR] Failed to load resource: net::ERR_FAILED @ http://localhost:9000/__nextjs_original-stack-frames:0
[  180463ms] [ERROR] Failed to load resource: net::ERR_FAILED @ http://localhost:9000/api/rooms?sort=newest:0
[  180463ms] [ERROR] TypeError: Failed to fetch
    at fetchRooms (webpack-internal:///(app-pages-browser)/./app/rooms/page.tsx:42:23)
    at RoomsPage.useEffect (webpack-internal:///(app-pages-browser)/./app/rooms/page.tsx:104:48) @ webpack-internal:///(app-pages-browser)/./node_modules/next/dist/client/components/globals/intercept-console-error.js:49
[  180482ms] [ERROR] Failed to load resource: net::ERR_FAILED @ http://localhost:9000/__nextjs_original-stack-frames:0
[  185462ms] [ERROR] Failed to load resource: net::ERR_FAILED @ http://localhost:9000/api/rooms?sort=newest:0
[  185463ms] [ERROR] TypeError: Failed to fetch
    at fetchRooms (webpack-internal:///(app-pages-browser)/./app/rooms/page.tsx:42:23)
    at RoomsPage.useEffect (webpack-internal:///(app-pages-browser)/./app/rooms/page.tsx:104:48) @ webpack-internal:///(app-pages-browser)/./node_modules/next/dist/client/components/globals/intercept-console-error.js:49
[  185482ms] [ERROR] Failed to load resource: net::ERR_FAILED @ http://localhost:9000/__nextjs_original-stack-frames:0
[  190462ms] [ERROR] Failed to load resource: net::ERR_FAILED @ http://localhost:9000/api/rooms?sort=newest:0
[  190462ms] [ERROR] TypeError: Failed to fetch
    at fetchRooms (webpack-internal:///(app-pages-browser)/./app/rooms/page.tsx:42:23)
    at RoomsPage.useEffect (webpack-internal:///(app-pages-browser)/./app/rooms/page.tsx:104:48) @ webpack-internal:///(app-pages-browser)/./node_modules/next/dist/client/components/globals/intercept-console-error.js:49
[  190478ms] [ERROR] Failed to load resource: net::ERR_FAILED @ http://localhost:9000/__nextjs_original-stack-frames:0
[  195516ms] [ERROR] Failed to load resource: net::ERR_FAILED @ http://localhost:9000/api/rooms?sort=newest:0
[  195516ms] [ERROR] TypeError: Failed to fetch
    at fetchRooms (webpack-internal:///(app-pages-browser)/./app/rooms/page.tsx:42:23)
    at RoomsPage.useEffect (webpack-internal:///(app-pages-browser)/./app/rooms/page.tsx:104:48) @ webpack-internal:///(app-pages-browser)/./node_modules/next/dist/client/components/globals/intercept-console-error.js:49
[  195537ms] [ERROR] Failed to load resource: net::ERR_FAILED @ http://localhost:9000/__nextjs_original-stack-frames:0
[  200515ms] [ERROR] Failed to load resource: net::ERR_FAILED @ http://localhost:9000/api/rooms?sort=newest:0
[  200515ms] [ERROR] TypeError: Failed to fetch
    at fetchRooms (webpack-internal:///(app-pages-browser)/./app/rooms/page.tsx:42:23)
    at RoomsPage.useEffect (webpack-internal:///(app-pages-browser)/./app/rooms/page.tsx:104:48) @ webpack-internal:///(app-pages-browser)/./node_modules/next/dist/client/components/globals/intercept-console-error.js:49
[  200526ms] [ERROR] Failed to load resource: net::ERR_FAILED @ http://localhost:9000/__nextjs_original-stack-frames:0
[  205516ms] [ERROR] Failed to load resource: net::ERR_FAILED @ http://localhost:9000/api/rooms?sort=newest:0
[  205516ms] [ERROR] TypeError: Failed to fetch
    at fetchRooms (webpack-internal:///(app-pages-browser)/./app/rooms/page.tsx:42:23)
    at RoomsPage.useEffect (webpack-internal:///(app-pages-browser)/./app/rooms/page.tsx:104:48) @ webpack-internal:///(app-pages-browser)/./node_modules/next/dist/client/components/globals/intercept-console-error.js:49
[  205532ms] [ERROR] Failed to load resource: net::ERR_FAILED @ http://localhost:9000/__nextjs_original-stack-frames:0
[  210516ms] [ERROR] Failed to load resource: net::ERR_FAILED @ http://localhost:9000/api/rooms?sort=newest:0
[  210516ms] [ERROR] TypeError: Failed to fetch
    at fetchRooms (webpack-internal:///(app-pages-browser)/./app/rooms/page.tsx:42:23)
    at RoomsPage.useEffect (webpack-internal:///(app-pages-browser)/./app/rooms/page.tsx:104:48) @ webpack-internal:///(app-pages-browser)/./node_modules/next/dist/client/components/globals/intercept-console-error.js:49
[  210536ms] [ERROR] Failed to load resource: net::ERR_FAILED @ http://localhost:9000/__nextjs_original-stack-frames:0
[  215516ms] [ERROR] Failed to load resource: net::ERR_FAILED @ http://localhost:9000/api/rooms?sort=newest:0
[  215517ms] [ERROR] TypeError: Failed to fetch
    at fetchRooms (webpack-internal:///(app-pages-browser)/./app/rooms/page.tsx:42:23)
    at RoomsPage.useEffect (webpack-internal:///(app-pages-browser)/./app/rooms/page.tsx:104:48) @ webpack-internal:///(app-pages-browser)/./node_modules/next/dist/client/components/globals/intercept-console-error.js:49
[  215535ms] [ERROR] Failed to load resource: net::ERR_FAILED @ http://localhost:9000/__nextjs_original-stack-frames:0
[  220516ms] [ERROR] Failed to load resource: net::ERR_FAILED @ http://localhost:9000/api/rooms?sort=newest:0
[  220516ms] [ERROR] TypeError: Failed to fetch
    at fetchRooms (webpack-internal:///(app-pages-browser)/./app/rooms/page.tsx:42:23)
    at RoomsPage.useEffect (webpack-internal:///(app-pages-browser)/./app/rooms/page.tsx:104:48) @ webpack-internal:///(app-pages-browser)/./node_modules/next/dist/client/components/globals/intercept-console-error.js:49
[  220532ms] [ERROR] Failed to load resource: net::ERR_FAILED @ http://localhost:9000/__nextjs_original-stack-frames:0
[  225515ms] [ERROR] Failed to load resource: net::ERR_FAILED @ http://localhost:9000/api/rooms?sort=newest:0
[  225515ms] [ERROR] TypeError: Failed to fetch
    at fetchRooms (webpack-internal:///(app-pages-browser)/./app/rooms/page.tsx:42:23)
    at RoomsPage.useEffect (webpack-internal:///(app-pages-browser)/./app/rooms/page.tsx:104:48) @ webpack-internal:///(app-pages-browser)/./node_modules/next/dist/client/components/globals/intercept-console-error.js:49
[  225523ms] [ERROR] Failed to load resource: net::ERR_FAILED @ http://localhost:9000/__nextjs_original-stack-frames:0
[  230515ms] [ERROR] Failed to load resource: net::ERR_FAILED @ http://localhost:9000/api/rooms?sort=newest:0
[  230515ms] [ERROR] TypeError: Failed to fetch
    at fetchRooms (webpack-internal:///(app-pages-browser)/./app/rooms/page.tsx:42:23)
    at RoomsPage.useEffect (webpack-internal:///(app-pages-browser)/./app/rooms/page.tsx:104:48) @ webpack-internal:///(app-pages-browser)/./node_modules/next/dist/client/components/globals/intercept-console-error.js:49
[  230530ms] [ERROR] Failed to load resource: net::ERR_FAILED @ http://localhost:9000/__nextjs_original-stack-frames:0
[  235515ms] [ERROR] Failed to load resource: net::ERR_FAILED @ http://localhost:9000/api/rooms?sort=newest:0
[  235516ms] [ERROR] TypeError: Failed to fetch
    at fetchRooms (webpack-internal:///(app-pages-browser)/./app/rooms/page.tsx:42:23)
    at RoomsPage.useEffect (webpack-internal:///(app-pages-browser)/./app/rooms/page.tsx:104:48) @ webpack-internal:///(app-pages-browser)/./node_modules/next/dist/client/components/globals/intercept-console-error.js:49
[  235529ms] [ERROR] Failed to load resource: net::ERR_FAILED @ http://localhost:9000/__nextjs_original-stack-frames:0
[  240515ms] [ERROR] Failed to load resource: net::ERR_FAILED @ http://localhost:9000/api/rooms?sort=newest:0
[  240515ms] [ERROR] TypeError: Failed to fetch
    at fetchRooms (webpack-internal:///(app-pages-browser)/./app/rooms/page.tsx:42:23)
    at RoomsPage.useEffect (webpack-internal:///(app-pages-browser)/./app/rooms/page.tsx:104:48) @ webpack-internal:///(app-pages-browser)/./node_modules/next/dist/client/components/globals/intercept-console-error.js:49
[  240524ms] [ERROR] Failed to load resource: net::ERR_FAILED @ http://localhost:9000/__nextjs_original-stack-frames:0
[  245515ms] [ERROR] Failed to load resource: net::ERR_FAILED @ http://localhost:9000/api/rooms?sort=newest:0
[  245515ms] [ERROR] TypeError: Failed to fetch
    at fetchRooms (webpack-internal:///(app-pages-browser)/./app/rooms/page.tsx:42:23)
    at RoomsPage.useEffect (webpack-internal:///(app-pages-browser)/./app/rooms/page.tsx:104:48) @ webpack-internal:///(app-pages-browser)/./node_modules/next/dist/client/components/globals/intercept-console-error.js:49
[  245529ms] [ERROR] Failed to load resource: net::ERR_FAILED @ http://localhost:9000/__nextjs_original-stack-frames:0
[  250516ms] [ERROR] Failed to load resource: net::ERR_FAILED @ http://localhost:9000/api/rooms?sort=newest:0
[  250517ms] [ERROR] TypeError: Failed to fetch
    at fetchRooms (webpack-internal:///(app-pages-browser)/./app/rooms/page.tsx:42:23)
    at RoomsPage.useEffect (webpack-internal:///(app-pages-browser)/./app/rooms/page.tsx:104:48) @ webpack-internal:///(app-pages-browser)/./node_modules/next/dist/client/components/globals/intercept-console-error.js:49
[  250534ms] [ERROR] Failed to load resource: net::ERR_FAILED @ http://localhost:9000/__nextjs_original-stack-frames:0
[  255514ms] [ERROR] Failed to load resource: net::ERR_FAILED @ http://localhost:9000/api/rooms?sort=newest:0
[  255514ms] [ERROR] TypeError: Failed to fetch
    at fetchRooms (webpack-internal:///(app-pages-browser)/./app/rooms/page.tsx:42:23)
    at RoomsPage.useEffect (webpack-internal:///(app-pages-browser)/./app/rooms/page.tsx:104:48) @ webpack-internal:///(app-pages-browser)/./node_modules/next/dist/client/components/globals/intercept-console-error.js:49
[  255522ms] [ERROR] Failed to load resource: net::ERR_FAILED @ http://localhost:9000/__nextjs_original-stack-frames:0
[  260517ms] [ERROR] Failed to load resource: net::ERR_FAILED @ http://localhost:9000/api/rooms?sort=newest:0
[  260517ms] [ERROR] TypeError: Failed to fetch
    at fetchRooms (webpack-internal:///(app-pages-browser)/./app/rooms/page.tsx:42:23)
    at RoomsPage.useEffect (webpack-internal:///(app-pages-browser)/./app/rooms/page.tsx:104:48) @ webpack-internal:///(app-pages-browser)/./node_modules/next/dist/client/components/globals/intercept-console-error.js:49
[  260535ms] [ERROR] Failed to load resource: net::ERR_FAILED @ http://localhost:9000/__nextjs_original-stack-frames:0
[  265515ms] [ERROR] Failed to load resource: net::ERR_FAILED @ http://localhost:9000/api/rooms?sort=newest:0
[  265515ms] [ERROR] TypeError: Failed to fetch
    at fetchRooms (webpack-internal:///(app-pages-browser)/./app/rooms/page.tsx:42:23)
    at RoomsPage.useEffect (webpack-internal:///(app-pages-browser)/./app/rooms/page.tsx:104:48) @ webpack-internal:///(app-pages-browser)/./node_modules/next/dist/client/components/globals/intercept-console-error.js:49
[  265530ms] [ERROR] Failed to load resource: net::ERR_FAILED @ http://localhost:9000/__nextjs_original-stack-frames:0
[  270518ms] [ERROR] Failed to load resource: net::ERR_FAILED @ http://localhost:9000/api/rooms?sort=newest:0
[  270519ms] [ERROR] TypeError: Failed to fetch
    at fetchRooms (webpack-internal:///(app-pages-browser)/./app/rooms/page.tsx:42:23)
    at RoomsPage.useEffect (webpack-internal:///(app-pages-browser)/./app/rooms/page.tsx:104:48) @ webpack-internal:///(app-pages-browser)/./node_modules/next/dist/client/components/globals/intercept-console-error.js:49
[  270534ms] [ERROR] Failed to load resource: net::ERR_FAILED @ http://localhost:9000/__nextjs_original-stack-frames:0
[  275516ms] [ERROR] Failed to load resource: net::ERR_FAILED @ http://localhost:9000/api/rooms?sort=newest:0
[  275516ms] [ERROR] TypeError: Failed to fetch
    at fetchRooms (webpack-internal:///(app-pages-browser)/./app/rooms/page.tsx:42:23)
    at RoomsPage.useEffect (webpack-internal:///(app-pages-browser)/./app/rooms/page.tsx:104:48) @ webpack-internal:///(app-pages-browser)/./node_modules/next/dist/client/components/globals/intercept-console-error.js:49
[  275533ms] [ERROR] Failed to load resource: net::ERR_FAILED @ http://localhost:9000/__nextjs_original-stack-frames:0
[  280516ms] [ERROR] Failed to load resource: net::ERR_FAILED @ http://localhost:9000/api/rooms?sort=newest:0
[  280516ms] [ERROR] TypeError: Failed to fetch
    at fetchRooms (webpack-internal:///(app-pages-browser)/./app/rooms/page.tsx:42:23)
    at RoomsPage.useEffect (webpack-internal:///(app-pages-browser)/./app/rooms/page.tsx:104:48) @ webpack-internal:///(app-pages-browser)/./node_modules/next/dist/client/components/globals/intercept-console-error.js:49
[  280532ms] [ERROR] Failed to load resource: net::ERR_FAILED @ http://localhost:9000/__nextjs_original-stack-frames:0
[  285514ms] [ERROR] Failed to load resource: net::ERR_FAILED @ http://localhost:9000/api/rooms?sort=newest:0
[  285514ms] [ERROR] TypeError: Failed to fetch
    at fetchRooms (webpack-internal:///(app-pages-browser)/./app/rooms/page.tsx:42:23)
    at RoomsPage.useEffect (webpack-internal:///(app-pages-browser)/./app/rooms/page.tsx:104:48) @ webpack-internal:///(app-pages-browser)/./node_modules/next/dist/client/components/globals/intercept-console-error.js:49
[  285523ms] [ERROR] Failed to load resource: net::ERR_FAILED @ http://localhost:9000/__nextjs_original-stack-frames:0
[  290515ms] [ERROR] Failed to load resource: net::ERR_FAILED @ http://localhost:9000/api/rooms?sort=newest:0
[  290516ms] [ERROR] TypeError: Failed to fetch
    at fetchRooms (webpack-internal:///(app-pages-browser)/./app/rooms/page.tsx:42:23)
    at RoomsPage.useEffect (webpack-internal:///(app-pages-browser)/./app/rooms/page.tsx:104:48) @ webpack-internal:///(app-pages-browser)/./node_modules/next/dist/client/components/globals/intercept-console-error.js:49
[  290525ms] [ERROR] Failed to load resource: net::ERR_FAILED @ http://localhost:9000/__nextjs_original-stack-frames:0
[  295515ms] [ERROR] Failed to load resource: net::ERR_FAILED @ http://localhost:9000/api/rooms?sort=newest:0
[  295515ms] [ERROR] TypeError: Failed to fetch
    at fetchRooms (webpack-internal:///(app-pages-browser)/./app/rooms/page.tsx:42:23)
    at RoomsPage.useEffect (webpack-internal:///(app-pages-browser)/./app/rooms/page.tsx:104:48) @ webpack-internal:///(app-pages-browser)/./node_modules/next/dist/client/components/globals/intercept-console-error.js:49
[  295526ms] [ERROR] Failed to load resource: net::ERR_FAILED @ http://localhost:9000/__nextjs_original-stack-frames:0
[  300516ms] [ERROR] Failed to load resource: net::ERR_FAILED @ http://localhost:9000/api/rooms?sort=newest:0
[  300516ms] [ERROR] TypeError: Failed to fetch
    at fetchRooms (webpack-internal:///(app-pages-browser)/./app/rooms/page.tsx:42:23)
    at RoomsPage.useEffect (webpack-internal:///(app-pages-browser)/./app/rooms/page.tsx:104:48) @ webpack-internal:///(app-pages-browser)/./node_modules/next/dist/client/components/globals/intercept-console-error.js:49
[  300535ms] [ERROR] Failed to load resource: net::ERR_FAILED @ http://localhost:9000/__nextjs_original-stack-frames:0
[  305514ms] [ERROR] Failed to load resource: net::ERR_FAILED @ http://localhost:9000/api/rooms?sort=newest:0
[  305515ms] [ERROR] TypeError: Failed to fetch
    at fetchRooms (webpack-internal:///(app-pages-browser)/./app/rooms/page.tsx:42:23)
    at RoomsPage.useEffect (webpack-internal:///(app-pages-browser)/./app/rooms/page.tsx:104:48) @ webpack-internal:///(app-pages-browser)/./node_modules/next/dist/client/components/globals/intercept-console-error.js:49
[  305525ms] [ERROR] Failed to load resource: net::ERR_FAILED @ http://localhost:9000/__nextjs_original-stack-frames:0
[  310516ms] [ERROR] Failed to load resource: net::ERR_FAILED @ http://localhost:9000/api/rooms?sort=newest:0
[  310516ms] [ERROR] TypeError: Failed to fetch
    at fetchRooms (webpack-internal:///(app-pages-browser)/./app/rooms/page.tsx:42:23)
    at RoomsPage.useEffect (webpack-internal:///(app-pages-browser)/./app/rooms/page.tsx:104:48) @ webpack-internal:///(app-pages-browser)/./node_modules/next/dist/client/components/globals/intercept-console-error.js:49
[  310534ms] [ERROR] Failed to load resource: net::ERR_FAILED @ http://localhost:9000/__nextjs_original-stack-frames:0
[  315515ms] [ERROR] Failed to load resource: net::ERR_FAILED @ http://localhost:9000/api/rooms?sort=newest:0
[  315515ms] [ERROR] TypeError: Failed to fetch
    at fetchRooms (webpack-internal:///(app-pages-browser)/./app/rooms/page.tsx:42:23)
    at RoomsPage.useEffect (webpack-internal:///(app-pages-browser)/./app/rooms/page.tsx:104:48) @ webpack-internal:///(app-pages-browser)/./node_modules/next/dist/client/components/globals/intercept-console-error.js:49
[  315522ms] [ERROR] Failed to load resource: net::ERR_FAILED @ http://localhost:9000/__nextjs_original-stack-frames:0
[  320517ms] [ERROR] Failed to load resource: net::ERR_FAILED @ http://localhost:9000/api/rooms?sort=newest:0
[  320517ms] [ERROR] TypeError: Failed to fetch
    at fetchRooms (webpack-internal:///(app-pages-browser)/./app/rooms/page.tsx:42:23)
    at RoomsPage.useEffect (webpack-internal:///(app-pages-browser)/./app/rooms/page.tsx:104:48) @ webpack-internal:///(app-pages-browser)/./node_modules/next/dist/client/components/globals/intercept-console-error.js:49
[  320536ms] [ERROR] Failed to load resource: net::ERR_FAILED @ http://localhost:9000/__nextjs_original-stack-frames:0
[  325516ms] [ERROR] Failed to load resource: net::ERR_FAILED @ http://localhost:9000/api/rooms?sort=newest:0
[  325516ms] [ERROR] TypeError: Failed to fetch
    at fetchRooms (webpack-internal:///(app-pages-browser)/./app/rooms/page.tsx:42:23)
    at RoomsPage.useEffect (webpack-internal:///(app-pages-browser)/./app/rooms/page.tsx:104:48) @ webpack-internal:///(app-pages-browser)/./node_modules/next/dist/client/components/globals/intercept-console-error.js:49
[  325532ms] [ERROR] Failed to load resource: net::ERR_FAILED @ http://localhost:9000/__nextjs_original-stack-frames:0
[  330516ms] [ERROR] Failed to load resource: net::ERR_FAILED @ http://localhost:9000/api/rooms?sort=newest:0
[  330516ms] [ERROR] TypeError: Failed to fetch
    at fetchRooms (webpack-internal:///(app-pages-browser)/./app/rooms/page.tsx:42:23)
    at RoomsPage.useEffect (webpack-internal:///(app-pages-browser)/./app/rooms/page.tsx:104:48) @ webpack-internal:///(app-pages-browser)/./node_modules/next/dist/client/components/globals/intercept-console-error.js:49
[  330538ms] [ERROR] Failed to load resource: net::ERR_FAILED @ http://localhost:9000/__nextjs_original-stack-frames:0
[  335516ms] [ERROR] Failed to load resource: net::ERR_FAILED @ http://localhost:9000/api/rooms?sort=newest:0
[  335516ms] [ERROR] TypeError: Failed to fetch
    at fetchRooms (webpack-internal:///(app-pages-browser)/./app/rooms/page.tsx:42:23)
    at RoomsPage.useEffect (webpack-internal:///(app-pages-browser)/./app/rooms/page.tsx:104:48) @ webpack-internal:///(app-pages-browser)/./node_modules/next/dist/client/components/globals/intercept-console-error.js:49
[  335535ms] [ERROR] Failed to load resource: net::ERR_FAILED @ http://localhost:9000/__nextjs_original-stack-frames:0
[  340517ms] [ERROR] Failed to load resource: net::ERR_FAILED @ http://localhost:9000/api/rooms?sort=newest:0
[  340518ms] [ERROR] TypeError: Failed to fetch
    at fetchRooms (webpack-internal:///(app-pages-browser)/./app/rooms/page.tsx:42:23)
    at RoomsPage.useEffect (webpack-internal:///(app-pages-browser)/./app/rooms/page.tsx:104:48) @ webpack-internal:///(app-pages-browser)/./node_modules/next/dist/client/components/globals/intercept-console-error.js:49
[  340539ms] [ERROR] Failed to load resource: net::ERR_FAILED @ http://localhost:9000/__nextjs_original-stack-frames:0
[  345514ms] [ERROR] Failed to load resource: net::ERR_FAILED @ http://localhost:9000/api/rooms?sort=newest:0
[  345514ms] [ERROR] TypeError: Failed to fetch
    at fetchRooms (webpack-internal:///(app-pages-browser)/./app/rooms/page.tsx:42:23)
    at RoomsPage.useEffect (webpack-internal:///(app-pages-browser)/./app/rooms/page.tsx:104:48) @ webpack-internal:///(app-pages-browser)/./node_modules/next/dist/client/components/globals/intercept-console-error.js:49
[  345521ms] [ERROR] Failed to load resource: net::ERR_FAILED @ http://localhost:9000/__nextjs_original-stack-frames:0
[  350515ms] [ERROR] Failed to load resource: net::ERR_FAILED @ http://localhost:9000/api/rooms?sort=newest:0
[  350515ms] [ERROR] TypeError: Failed to fetch
    at fetchRooms (webpack-internal:///(app-pages-browser)/./app/rooms/page.tsx:42:23)
    at RoomsPage.useEffect (webpack-internal:///(app-pages-browser)/./app/rooms/page.tsx:104:48) @ webpack-internal:///(app-pages-browser)/./node_modules/next/dist/client/components/globals/intercept-console-error.js:49
[  350522ms] [ERROR] Failed to load resource: net::ERR_FAILED @ http://localhost:9000/__nextjs_original-stack-frames:0
[  355516ms] [ERROR] Failed to load resource: net::ERR_FAILED @ http://localhost:9000/api/rooms?sort=newest:0
[  355516ms] [ERROR] TypeError: Failed to fetch
    at fetchRooms (webpack-internal:///(app-pages-browser)/./app/rooms/page.tsx:42:23)
    at RoomsPage.useEffect (webpack-internal:///(app-pages-browser)/./app/rooms/page.tsx:104:48) @ webpack-internal:///(app-pages-browser)/./node_modules/next/dist/client/components/globals/intercept-console-error.js:49
[  355537ms] [ERROR] Failed to load resource: net::ERR_FAILED @ http://localhost:9000/__nextjs_original-stack-frames:0
[  360516ms] [ERROR] Failed to load resource: net::ERR_FAILED @ http://localhost:9000/api/rooms?sort=newest:0
[  360516ms] [ERROR] TypeError: Failed to fetch
    at fetchRooms (webpack-internal:///(app-pages-browser)/./app/rooms/page.tsx:42:23)
    at RoomsPage.useEffect (webpack-internal:///(app-pages-browser)/./app/rooms/page.tsx:104:48) @ webpack-internal:///(app-pages-browser)/./node_modules/next/dist/client/components/globals/intercept-console-error.js:49
[  360524ms] [ERROR] Failed to load resource: net::ERR_FAILED @ http://localhost:9000/__nextjs_original-stack-frames:0
[  365519ms] [ERROR] Failed to load resource: net::ERR_FAILED @ http://localhost:9000/api/rooms?sort=newest:0
[  365520ms] [ERROR] TypeError: Failed to fetch
    at fetchRooms (webpack-internal:///(app-pages-browser)/./app/rooms/page.tsx:42:23)
    at RoomsPage.useEffect (webpack-internal:///(app-pages-browser)/./app/rooms/page.tsx:104:48) @ webpack-internal:///(app-pages-browser)/./node_modules/next/dist/client/components/globals/intercept-console-error.js:49
[  365541ms] [ERROR] Failed to load resource: net::ERR_FAILED @ http://localhost:9000/__nextjs_original-stack-frames:0
[  370516ms] [ERROR] Failed to load resource: net::ERR_FAILED @ http://localhost:9000/api/rooms?sort=newest:0
[  370516ms] [ERROR] TypeError: Failed to fetch
    at fetchRooms (webpack-internal:///(app-pages-browser)/./app/rooms/page.tsx:42:23)
    at RoomsPage.useEffect (webpack-internal:///(app-pages-browser)/./app/rooms/page.tsx:104:48) @ webpack-internal:///(app-pages-browser)/./node_modules/next/dist/client/components/globals/intercept-console-error.js:49
[  370535ms] [ERROR] Failed to load resource: net::ERR_FAILED @ http://localhost:9000/__nextjs_original-stack-frames:0
[  375516ms] [ERROR] Failed to load resource: net::ERR_FAILED @ http://localhost:9000/api/rooms?sort=newest:0
[  375516ms] [ERROR] TypeError: Failed to fetch
    at fetchRooms (webpack-internal:///(app-pages-browser)/./app/rooms/page.tsx:42:23)
    at RoomsPage.useEffect (webpack-internal:///(app-pages-browser)/./app/rooms/page.tsx:104:48) @ webpack-internal:///(app-pages-browser)/./node_modules/next/dist/client/components/globals/intercept-console-error.js:49
[  375526ms] [ERROR] Failed to load resource: net::ERR_FAILED @ http://localhost:9000/__nextjs_original-stack-frames:0
[  380514ms] [ERROR] Failed to load resource: net::ERR_FAILED @ http://localhost:9000/api/rooms?sort=newest:0
[  380514ms] [ERROR] TypeError: Failed to fetch
    at fetchRooms (webpack-internal:///(app-pages-browser)/./app/rooms/page.tsx:42:23)
    at RoomsPage.useEffect (webpack-internal:///(app-pages-browser)/./app/rooms/page.tsx:104:48) @ webpack-internal:///(app-pages-browser)/./node_modules/next/dist/client/components/globals/intercept-console-error.js:49
[  380530ms] [ERROR] Failed to load resource: net::ERR_FAILED @ http://localhost:9000/__nextjs_original-stack-frames:0
[  385518ms] [ERROR] Failed to load resource: net::ERR_FAILED @ http://localhost:9000/api/rooms?sort=newest:0
[  385518ms] [ERROR] TypeError: Failed to fetch
    at fetchRooms (webpack-internal:///(app-pages-browser)/./app/rooms/page.tsx:42:23)
    at RoomsPage.useEffect (webpack-internal:///(app-pages-browser)/./app/rooms/page.tsx:104:48) @ webpack-internal:///(app-pages-browser)/./node_modules/next/dist/client/components/globals/intercept-console-error.js:49
[  385540ms] [ERROR] Failed to load resource: net::ERR_FAILED @ http://localhost:9000/__nextjs_original-stack-frames:0
[  390519ms] [ERROR] Failed to load resource: net::ERR_FAILED @ http://localhost:9000/api/rooms?sort=newest:0
[  390519ms] [ERROR] TypeError: Failed to fetch
    at fetchRooms (webpack-internal:///(app-pages-browser)/./app/rooms/page.tsx:42:23)
    at RoomsPage.useEffect (webpack-internal:///(app-pages-browser)/./app/rooms/page.tsx:104:48) @ webpack-internal:///(app-pages-browser)/./node_modules/next/dist/client/components/globals/intercept-console-error.js:49
[  390540ms] [ERROR] Failed to load resource: net::ERR_FAILED @ http://localhost:9000/__nextjs_original-stack-frames:0
[  395518ms] [ERROR] Failed to load resource: net::ERR_FAILED @ http://localhost:9000/api/rooms?sort=newest:0
[  395518ms] [ERROR] TypeError: Failed to fetch
    at fetchRooms (webpack-internal:///(app-pages-browser)/./app/rooms/page.tsx:42:23)
    at RoomsPage.useEffect (webpack-internal:///(app-pages-browser)/./app/rooms/page.tsx:104:48) @ webpack-internal:///(app-pages-browser)/./node_modules/next/dist/client/components/globals/intercept-console-error.js:49
[  395539ms] [ERROR] Failed to load resource: net::ERR_FAILED @ http://localhost:9000/__nextjs_original-stack-frames:0
[  400519ms] [ERROR] Failed to load resource: net::ERR_FAILED @ http://localhost:9000/api/rooms?sort=newest:0
[  400519ms] [ERROR] TypeError: Failed to fetch
    at fetchRooms (webpack-internal:///(app-pages-browser)/./app/rooms/page.tsx:42:23)
    at RoomsPage.useEffect (webpack-internal:///(app-pages-browser)/./app/rooms/page.tsx:104:48) @ webpack-internal:///(app-pages-browser)/./node_modules/next/dist/client/components/globals/intercept-console-error.js:49
[  400540ms] [ERROR] Failed to load resource: net::ERR_FAILED @ http://localhost:9000/__nextjs_original-stack-frames:0
[  405517ms] [ERROR] Failed to load resource: net::ERR_FAILED @ http://localhost:9000/api/rooms?sort=newest:0
[  405517ms] [ERROR] TypeError: Failed to fetch
    at fetchRooms (webpack-internal:///(app-pages-browser)/./app/rooms/page.tsx:42:23)
    at RoomsPage.useEffect (webpack-internal:///(app-pages-browser)/./app/rooms/page.tsx:104:48) @ webpack-internal:///(app-pages-browser)/./node_modules/next/dist/client/components/globals/intercept-console-error.js:49
[  405527ms] [ERROR] Failed to load resource: net::ERR_FAILED @ http://localhost:9000/__nextjs_original-stack-frames:0
[  410518ms] [ERROR] Failed to load resource: net::ERR_FAILED @ http://localhost:9000/api/rooms?sort=newest:0
[  410518ms] [ERROR] TypeError: Failed to fetch
    at fetchRooms (webpack-internal:///(app-pages-browser)/./app/rooms/page.tsx:42:23)
    at RoomsPage.useEffect (webpack-internal:///(app-pages-browser)/./app/rooms/page.tsx:104:48) @ webpack-internal:///(app-pages-browser)/./node_modules/next/dist/client/components/globals/intercept-console-error.js:49
[  410528ms] [ERROR] Failed to load resource: net::ERR_FAILED @ http://localhost:9000/__nextjs_original-stack-frames:0
[  415519ms] [ERROR] Failed to load resource: net::ERR_FAILED @ http://localhost:9000/api/rooms?sort=newest:0
[  415519ms] [ERROR] TypeError: Failed to fetch
    at fetchRooms (webpack-internal:///(app-pages-browser)/./app/rooms/page.tsx:42:23)
    at RoomsPage.useEffect (webpack-internal:///(app-pages-browser)/./app/rooms/page.tsx:104:48) @ webpack-internal:///(app-pages-browser)/./node_modules/next/dist/client/components/globals/intercept-console-error.js:49
[  415541ms] [ERROR] Failed to load resource: net::ERR_FAILED @ http://localhost:9000/__nextjs_original-stack-frames:0
[  420519ms] [ERROR] Failed to load resource: net::ERR_FAILED @ http://localhost:9000/api/rooms?sort=newest:0
[  420519ms] [ERROR] TypeError: Failed to fetch
    at fetchRooms (webpack-internal:///(app-pages-browser)/./app/rooms/page.tsx:42:23)
    at RoomsPage.useEffect (webpack-internal:///(app-pages-browser)/./app/rooms/page.tsx:104:48) @ webpack-internal:///(app-pages-browser)/./node_modules/next/dist/client/components/globals/intercept-console-error.js:49
[  420542ms] [ERROR] Failed to load resource: net::ERR_FAILED @ http://localhost:9000/__nextjs_original-stack-frames:0
[  425518ms] [ERROR] Failed to load resource: net::ERR_FAILED @ http://localhost:9000/api/rooms?sort=newest:0
[  425518ms] [ERROR] TypeError: Failed to fetch
    at fetchRooms (webpack-internal:///(app-pages-browser)/./app/rooms/page.tsx:42:23)
    at RoomsPage.useEffect (webpack-internal:///(app-pages-browser)/./app/rooms/page.tsx:104:48) @ webpack-internal:///(app-pages-browser)/./node_modules/next/dist/client/components/globals/intercept-console-error.js:49
[  425540ms] [ERROR] Failed to load resource: net::ERR_FAILED @ http://localhost:9000/__nextjs_original-stack-frames:0
[  430519ms] [ERROR] Failed to load resource: net::ERR_FAILED @ http://localhost:9000/api/rooms?sort=newest:0
[  430519ms] [ERROR] TypeError: Failed to fetch
    at fetchRooms (webpack-internal:///(app-pages-browser)/./app/rooms/page.tsx:42:23)
    at RoomsPage.useEffect (webpack-internal:///(app-pages-browser)/./app/rooms/page.tsx:104:48) @ webpack-internal:///(app-pages-browser)/./node_modules/next/dist/client/components/globals/intercept-console-error.js:49
[  430536ms] [ERROR] Failed to load resource: net::ERR_FAILED @ http://localhost:9000/__nextjs_original-stack-frames:0
[  435517ms] [ERROR] Failed to load resource: net::ERR_FAILED @ http://localhost:9000/api/rooms?sort=newest:0
[  435517ms] [ERROR] TypeError: Failed to fetch
    at fetchRooms (webpack-internal:///(app-pages-browser)/./app/rooms/page.tsx:42:23)
    at RoomsPage.useEffect (webpack-internal:///(app-pages-browser)/./app/rooms/page.tsx:104:48) @ webpack-internal:///(app-pages-browser)/./node_modules/next/dist/client/components/globals/intercept-console-error.js:49
[  435528ms] [ERROR] Failed to load resource: net::ERR_FAILED @ http://localhost:9000/__nextjs_original-stack-frames:0
[  440528ms] [ERROR] Failed to load resource: net::ERR_FAILED @ http://localhost:9000/api/rooms?sort=newest:0
[  440528ms] [ERROR] TypeError: Failed to fetch
    at fetchRooms (webpack-internal:///(app-pages-browser)/./app/rooms/page.tsx:42:23)
    at RoomsPage.useEffect (webpack-internal:///(app-pages-browser)/./app/rooms/page.tsx:104:48) @ webpack-internal:///(app-pages-browser)/./node_modules/next/dist/client/components/globals/intercept-console-error.js:49
[  440539ms] [ERROR] Failed to load resource: net::ERR_FAILED @ http://localhost:9000/__nextjs_original-stack-frames:0
[  445518ms] [ERROR] Failed to load resource: net::ERR_FAILED @ http://localhost:9000/api/rooms?sort=newest:0
[  445518ms] [ERROR] TypeError: Failed to fetch
    at fetchRooms (webpack-internal:///(app-pages-browser)/./app/rooms/page.tsx:42:23)
    at RoomsPage.useEffect (webpack-internal:///(app-pages-browser)/./app/rooms/page.tsx:104:48) @ webpack-internal:///(app-pages-browser)/./node_modules/next/dist/client/components/globals/intercept-console-error.js:49
[  445541ms] [ERROR] Failed to load resource: net::ERR_FAILED @ http://localhost:9000/__nextjs_original-stack-frames:0
[  450518ms] [ERROR] Failed to load resource: net::ERR_FAILED @ http://localhost:9000/api/rooms?sort=newest:0
[  450519ms] [ERROR] TypeError: Failed to fetch
    at fetchRooms (webpack-internal:///(app-pages-browser)/./app/rooms/page.tsx:42:23)
    at RoomsPage.useEffect (webpack-internal:///(app-pages-browser)/./app/rooms/page.tsx:104:48) @ webpack-internal:///(app-pages-browser)/./node_modules/next/dist/client/components/globals/intercept-console-error.js:49
[  450537ms] [ERROR] Failed to load resource: net::ERR_FAILED @ http://localhost:9000/__nextjs_original-stack-frames:0
[  455519ms] [ERROR] Failed to load resource: net::ERR_FAILED @ http://localhost:9000/api/rooms?sort=newest:0
[  455519ms] [ERROR] TypeError: Failed to fetch
    at fetchRooms (webpack-internal:///(app-pages-browser)/./app/rooms/page.tsx:42:23)
    at RoomsPage.useEffect (webpack-internal:///(app-pages-browser)/./app/rooms/page.tsx:104:48) @ webpack-internal:///(app-pages-browser)/./node_modules/next/dist/client/components/globals/intercept-console-error.js:49
[  455541ms] [ERROR] Failed to load resource: net::ERR_FAILED @ http://localhost:9000/__nextjs_original-stack-frames:0
[  460522ms] [ERROR] Failed to load resource: net::ERR_FAILED @ http://localhost:9000/api/rooms?sort=newest:0
[  460522ms] [ERROR] TypeError: Failed to fetch
    at fetchRooms (webpack-internal:///(app-pages-browser)/./app/rooms/page.tsx:42:23)
    at RoomsPage.useEffect (webpack-internal:///(app-pages-browser)/./app/rooms/page.tsx:104:48) @ webpack-internal:///(app-pages-browser)/./node_modules/next/dist/client/components/globals/intercept-console-error.js:49
[  460543ms] [ERROR] Failed to load resource: net::ERR_FAILED @ http://localhost:9000/__nextjs_original-stack-frames:0
[  465518ms] [ERROR] Failed to load resource: net::ERR_FAILED @ http://localhost:9000/api/rooms?sort=newest:0
[  465518ms] [ERROR] TypeError: Failed to fetch
    at fetchRooms (webpack-internal:///(app-pages-browser)/./app/rooms/page.tsx:42:23)
    at RoomsPage.useEffect (webpack-internal:///(app-pages-browser)/./app/rooms/page.tsx:104:48) @ webpack-internal:///(app-pages-browser)/./node_modules/next/dist/client/components/globals/intercept-console-error.js:49
[  465527ms] [ERROR] Failed to load resource: net::ERR_FAILED @ http://localhost:9000/__nextjs_original-stack-frames:0
[  470519ms] [ERROR] Failed to load resource: net::ERR_FAILED @ http://localhost:9000/api/rooms?sort=newest:0
[  470519ms] [ERROR] TypeError: Failed to fetch
    at fetchRooms (webpack-internal:///(app-pages-browser)/./app/rooms/page.tsx:42:23)
    at RoomsPage.useEffect (webpack-internal:///(app-pages-browser)/./app/rooms/page.tsx:104:48) @ webpack-internal:///(app-pages-browser)/./node_modules/next/dist/client/components/globals/intercept-console-error.js:49
[  470540ms] [ERROR] Failed to load resource: net::ERR_FAILED @ http://localhost:9000/__nextjs_original-stack-frames:0
[  475519ms] [ERROR] Failed to load resource: net::ERR_FAILED @ http://localhost:9000/api/rooms?sort=newest:0
[  475519ms] [ERROR] TypeError: Failed to fetch
    at fetchRooms (webpack-internal:///(app-pages-browser)/./app/rooms/page.tsx:42:23)
    at RoomsPage.useEffect (webpack-internal:///(app-pages-browser)/./app/rooms/page.tsx:104:48) @ webpack-internal:///(app-pages-browser)/./node_modules/next/dist/client/components/globals/intercept-console-error.js:49
[  475531ms] [ERROR] Failed to load resource: net::ERR_FAILED @ http://localhost:9000/__nextjs_original-stack-frames:0
[  480519ms] [ERROR] Failed to load resource: net::ERR_FAILED @ http://localhost:9000/api/rooms?sort=newest:0
[  480519ms] [ERROR] TypeError: Failed to fetch
    at fetchRooms (webpack-internal:///(app-pages-browser)/./app/rooms/page.tsx:42:23)
    at RoomsPage.useEffect (webpack-internal:///(app-pages-browser)/./app/rooms/page.tsx:104:48) @ webpack-internal:///(app-pages-browser)/./node_modules/next/dist/client/components/globals/intercept-console-error.js:49
[  480537ms] [ERROR] Failed to load resource: net::ERR_FAILED @ http://localhost:9000/__nextjs_original-stack-frames:0
[  485519ms] [ERROR] Failed to load resource: net::ERR_FAILED @ http://localhost:9000/api/rooms?sort=newest:0
[  485520ms] [ERROR] TypeError: Failed to fetch
    at fetchRooms (webpack-internal:///(app-pages-browser)/./app/rooms/page.tsx:42:23)
    at RoomsPage.useEffect (webpack-internal:///(app-pages-browser)/./app/rooms/page.tsx:104:48) @ webpack-internal:///(app-pages-browser)/./node_modules/next/dist/client/components/globals/intercept-console-error.js:49
[  485542ms] [ERROR] Failed to load resource: net::ERR_FAILED @ http://localhost:9000/__nextjs_original-stack-frames:0
[  490520ms] [ERROR] Failed to load resource: net::ERR_FAILED @ http://localhost:9000/api/rooms?sort=newest:0
[  490521ms] [ERROR] TypeError: Failed to fetch
    at fetchRooms (webpack-internal:///(app-pages-browser)/./app/rooms/page.tsx:42:23)
    at RoomsPage.useEffect (webpack-internal:///(app-pages-browser)/./app/rooms/page.tsx:104:48) @ webpack-internal:///(app-pages-browser)/./node_modules/next/dist/client/components/globals/intercept-console-error.js:49
[  490541ms] [ERROR] Failed to load resource: net::ERR_FAILED @ http://localhost:9000/__nextjs_original-stack-frames:0
[  495518ms] [ERROR] Failed to load resource: net::ERR_FAILED @ http://localhost:9000/api/rooms?sort=newest:0
[  495518ms] [ERROR] TypeError: Failed to fetch
    at fetchRooms (webpack-internal:///(app-pages-browser)/./app/rooms/page.tsx:42:23)
    at RoomsPage.useEffect (webpack-internal:///(app-pages-browser)/./app/rooms/page.tsx:104:48) @ webpack-internal:///(app-pages-browser)/./node_modules/next/dist/client/components/globals/intercept-console-error.js:49
[  495528ms] [ERROR] Failed to load resource: net::ERR_FAILED @ http://localhost:9000/__nextjs_original-stack-frames:0
[  500519ms] [ERROR] Failed to load resource: net::ERR_FAILED @ http://localhost:9000/api/rooms?sort=newest:0
[  500520ms] [ERROR] TypeError: Failed to fetch
    at fetchRooms (webpack-internal:///(app-pages-browser)/./app/rooms/page.tsx:42:23)
    at RoomsPage.useEffect (webpack-internal:///(app-pages-browser)/./app/rooms/page.tsx:104:48) @ webpack-internal:///(app-pages-browser)/./node_modules/next/dist/client/components/globals/intercept-console-error.js:49
[  500541ms] [ERROR] Failed to load resource: net::ERR_FAILED @ http://localhost:9000/__nextjs_original-stack-frames:0
[  505517ms] [ERROR] Failed to load resource: net::ERR_FAILED @ http://localhost:9000/api/rooms?sort=newest:0
[  505517ms] [ERROR] TypeError: Failed to fetch
    at fetchRooms (webpack-internal:///(app-pages-browser)/./app/rooms/page.tsx:42:23)
    at RoomsPage.useEffect (webpack-internal:///(app-pages-browser)/./app/rooms/page.tsx:104:48) @ webpack-internal:///(app-pages-browser)/./node_modules/next/dist/client/components/globals/intercept-console-error.js:49
[  505538ms] [ERROR] Failed to load resource: net::ERR_FAILED @ http://localhost:9000/__nextjs_original-stack-frames:0
[  510518ms] [ERROR] Failed to load resource: net::ERR_FAILED @ http://localhost:9000/api/rooms?sort=newest:0
[  510518ms] [ERROR] TypeError: Failed to fetch
    at fetchRooms (webpack-internal:///(app-pages-browser)/./app/rooms/page.tsx:42:23)
    at RoomsPage.useEffect (webpack-internal:///(app-pages-browser)/./app/rooms/page.tsx:104:48) @ webpack-internal:///(app-pages-browser)/./node_modules/next/dist/client/components/globals/intercept-console-error.js:49
[  510539ms] [ERROR] Failed to load resource: net::ERR_FAILED @ http://localhost:9000/__nextjs_original-stack-frames:0
[  515519ms] [ERROR] Failed to load resource: net::ERR_FAILED @ http://localhost:9000/api/rooms?sort=newest:0
[  515520ms] [ERROR] TypeError: Failed to fetch
    at fetchRooms (webpack-internal:///(app-pages-browser)/./app/rooms/page.tsx:42:23)
    at RoomsPage.useEffect (webpack-internal:///(app-pages-browser)/./app/rooms/page.tsx:104:48) @ webpack-internal:///(app-pages-browser)/./node_modules/next/dist/client/components/globals/intercept-console-error.js:49
[  515541ms] [ERROR] Failed to load resource: net::ERR_FAILED @ http://localhost:9000/__nextjs_original-stack-frames:0
[  520520ms] [ERROR] Failed to load resource: net::ERR_FAILED @ http://localhost:9000/api/rooms?sort=newest:0
[  520520ms] [ERROR] TypeError: Failed to fetch
    at fetchRooms (webpack-internal:///(app-pages-browser)/./app/rooms/page.tsx:42:23)
    at RoomsPage.useEffect (webpack-internal:///(app-pages-browser)/./app/rooms/page.tsx:104:48) @ webpack-internal:///(app-pages-browser)/./node_modules/next/dist/client/components/globals/intercept-console-error.js:49
[  520542ms] [ERROR] Failed to load resource: net::ERR_FAILED @ http://localhost:9000/__nextjs_original-stack-frames:0
[  525518ms] [ERROR] Failed to load resource: net::ERR_FAILED @ http://localhost:9000/api/rooms?sort=newest:0
[  525518ms] [ERROR] TypeError: Failed to fetch
    at fetchRooms (webpack-internal:///(app-pages-browser)/./app/rooms/page.tsx:42:23)
    at RoomsPage.useEffect (webpack-internal:///(app-pages-browser)/./app/rooms/page.tsx:104:48) @ webpack-internal:///(app-pages-browser)/./node_modules/next/dist/client/components/globals/intercept-console-error.js:49
[  525528ms] [ERROR] Failed to load resource: net::ERR_FAILED @ http://localhost:9000/__nextjs_original-stack-frames:0
[  530519ms] [ERROR] Failed to load resource: net::ERR_FAILED @ http://localhost:9000/api/rooms?sort=newest:0
[  530519ms] [ERROR] TypeError: Failed to fetch
    at fetchRooms (webpack-internal:///(app-pages-browser)/./app/rooms/page.tsx:42:23)
    at RoomsPage.useEffect (webpack-internal:///(app-pages-browser)/./app/rooms/page.tsx:104:48) @ webpack-internal:///(app-pages-browser)/./node_modules/next/dist/client/components/globals/intercept-console-error.js:49
[  530541ms] [ERROR] Failed to load resource: net::ERR_FAILED @ http://localhost:9000/__nextjs_original-stack-frames:0
[  535519ms] [ERROR] Failed to load resource: net::ERR_FAILED @ http://localhost:9000/api/rooms?sort=newest:0
[  535519ms] [ERROR] TypeError: Failed to fetch
    at fetchRooms (webpack-internal:///(app-pages-browser)/./app/rooms/page.tsx:42:23)
    at RoomsPage.useEffect (webpack-internal:///(app-pages-browser)/./app/rooms/page.tsx:104:48) @ webpack-internal:///(app-pages-browser)/./node_modules/next/dist/client/components/globals/intercept-console-error.js:49
[  535541ms] [ERROR] Failed to load resource: net::ERR_FAILED @ http://localhost:9000/__nextjs_original-stack-frames:0
[  540516ms] [ERROR] Failed to load resource: net::ERR_FAILED @ http://localhost:9000/api/rooms?sort=newest:0
[  540516ms] [ERROR] TypeError: Failed to fetch
    at fetchRooms (webpack-internal:///(app-pages-browser)/./app/rooms/page.tsx:42:23)
    at RoomsPage.useEffect (webpack-internal:///(app-pages-browser)/./app/rooms/page.tsx:104:48) @ webpack-internal:///(app-pages-browser)/./node_modules/next/dist/client/components/globals/intercept-console-error.js:49
[  540539ms] [ERROR] Failed to load resource: net::ERR_FAILED @ http://localhost:9000/__nextjs_original-stack-frames:0
[  545518ms] [ERROR] Failed to load resource: net::ERR_FAILED @ http://localhost:9000/api/rooms?sort=newest:0
[  545518ms] [ERROR] TypeError: Failed to fetch
    at fetchRooms (webpack-internal:///(app-pages-browser)/./app/rooms/page.tsx:42:23)
    at RoomsPage.useEffect (webpack-internal:///(app-pages-browser)/./app/rooms/page.tsx:104:48) @ webpack-internal:///(app-pages-browser)/./node_modules/next/dist/client/components/globals/intercept-console-error.js:49
[  545541ms] [ERROR] Failed to load resource: net::ERR_FAILED @ http://localhost:9000/__nextjs_original-stack-frames:0
[  550518ms] [ERROR] Failed to load resource: net::ERR_FAILED @ http://localhost:9000/api/rooms?sort=newest:0
[  550519ms] [ERROR] TypeError: Failed to fetch
    at fetchRooms (webpack-internal:///(app-pages-browser)/./app/rooms/page.tsx:42:23)
    at RoomsPage.useEffect (webpack-internal:///(app-pages-browser)/./app/rooms/page.tsx:104:48) @ webpack-internal:///(app-pages-browser)/./node_modules/next/dist/client/components/globals/intercept-console-error.js:49
[  550539ms] [ERROR] Failed to load resource: net::ERR_FAILED @ http://localhost:9000/__nextjs_original-stack-frames:0
[  555519ms] [ERROR] Failed to load resource: net::ERR_FAILED @ http://localhost:9000/api/rooms?sort=newest:0
[  555519ms] [ERROR] TypeError: Failed to fetch
    at fetchRooms (webpack-internal:///(app-pages-browser)/./app/rooms/page.tsx:42:23)
    at RoomsPage.useEffect (webpack-internal:///(app-pages-browser)/./app/rooms/page.tsx:104:48) @ webpack-internal:///(app-pages-browser)/./node_modules/next/dist/client/components/globals/intercept-console-error.js:49
[  555528ms] [ERROR] Failed to load resource: net::ERR_FAILED @ http://localhost:9000/__nextjs_original-stack-frames:0
[  560515ms] [ERROR] Failed to load resource: net::ERR_FAILED @ http://localhost:9000/api/rooms?sort=newest:0
[  560516ms] [ERROR] TypeError: Failed to fetch
    at fetchRooms (webpack-internal:///(app-pages-browser)/./app/rooms/page.tsx:42:23)
    at RoomsPage.useEffect (webpack-internal:///(app-pages-browser)/./app/rooms/page.tsx:104:48) @ webpack-internal:///(app-pages-browser)/./node_modules/next/dist/client/components/globals/intercept-console-error.js:49
[  560529ms] [ERROR] Failed to load resource: net::ERR_FAILED @ http://localhost:9000/__nextjs_original-stack-frames:0
[  565519ms] [ERROR] Failed to load resource: net::ERR_FAILED @ http://localhost:9000/api/rooms?sort=newest:0
[  565519ms] [ERROR] TypeError: Failed to fetch
    at fetchRooms (webpack-internal:///(app-pages-browser)/./app/rooms/page.tsx:42:23)
    at RoomsPage.useEffect (webpack-internal:///(app-pages-browser)/./app/rooms/page.tsx:104:48) @ webpack-internal:///(app-pages-browser)/./node_modules/next/dist/client/components/globals/intercept-console-error.js:49
[  565542ms] [ERROR] Failed to load resource: net::ERR_FAILED @ http://localhost:9000/__nextjs_original-stack-frames:0
[  570520ms] [ERROR] Failed to load resource: net::ERR_FAILED @ http://localhost:9000/api/rooms?sort=newest:0
[  570520ms] [ERROR] TypeError: Failed to fetch
    at fetchRooms (webpack-internal:///(app-pages-browser)/./app/rooms/page.tsx:42:23)
    at RoomsPage.useEffect (webpack-internal:///(app-pages-browser)/./app/rooms/page.tsx:104:48) @ webpack-internal:///(app-pages-browser)/./node_modules/next/dist/client/components/globals/intercept-console-error.js:49
[  570543ms] [ERROR] Failed to load resource: net::ERR_FAILED @ http://localhost:9000/__nextjs_original-stack-frames:0
[  575518ms] [ERROR] Failed to load resource: net::ERR_FAILED @ http://localhost:9000/api/rooms?sort=newest:0
[  575519ms] [ERROR] TypeError: Failed to fetch
    at fetchRooms (webpack-internal:///(app-pages-browser)/./app/rooms/page.tsx:42:23)
    at RoomsPage.useEffect (webpack-internal:///(app-pages-browser)/./app/rooms/page.tsx:104:48) @ webpack-internal:///(app-pages-browser)/./node_modules/next/dist/client/components/globals/intercept-console-error.js:49
[  575541ms] [ERROR] Failed to load resource: net::ERR_FAILED @ http://localhost:9000/__nextjs_original-stack-frames:0
[  580516ms] [ERROR] Failed to load resource: net::ERR_FAILED @ http://localhost:9000/api/rooms?sort=newest:0
[  580516ms] [ERROR] TypeError: Failed to fetch
    at fetchRooms (webpack-internal:///(app-pages-browser)/./app/rooms/page.tsx:42:23)
    at RoomsPage.useEffect (webpack-internal:///(app-pages-browser)/./app/rooms/page.tsx:104:48) @ webpack-internal:///(app-pages-browser)/./node_modules/next/dist/client/components/globals/intercept-console-error.js:49
[  580538ms] [ERROR] Failed to load resource: net::ERR_FAILED @ http://localhost:9000/__nextjs_original-stack-frames:0
[  585517ms] [ERROR] Failed to load resource: net::ERR_FAILED @ http://localhost:9000/api/rooms?sort=newest:0
[  585517ms] [ERROR] TypeError: Failed to fetch
    at fetchRooms (webpack-internal:///(app-pages-browser)/./app/rooms/page.tsx:42:23)
    at RoomsPage.useEffect (webpack-internal:///(app-pages-browser)/./app/rooms/page.tsx:104:48) @ webpack-internal:///(app-pages-browser)/./node_modules/next/dist/client/components/globals/intercept-console-error.js:49
[  585526ms] [ERROR] Failed to load resource: net::ERR_FAILED @ http://localhost:9000/__nextjs_original-stack-frames:0
[  590518ms] [ERROR] Failed to load resource: net::ERR_FAILED @ http://localhost:9000/api/rooms?sort=newest:0
[  590518ms] [ERROR] TypeError: Failed to fetch
    at fetchRooms (webpack-internal:///(app-pages-browser)/./app/rooms/page.tsx:42:23)
    at RoomsPage.useEffect (webpack-internal:///(app-pages-browser)/./app/rooms/page.tsx:104:48) @ webpack-internal:///(app-pages-browser)/./node_modules/next/dist/client/components/globals/intercept-console-error.js:49
[  590540ms] [ERROR] Failed to load resource: net::ERR_FAILED @ http://localhost:9000/__nextjs_original-stack-frames:0
[  595518ms] [ERROR] Failed to load resource: net::ERR_FAILED @ http://localhost:9000/api/rooms?sort=newest:0
[  595518ms] [ERROR] TypeError: Failed to fetch
    at fetchRooms (webpack-internal:///(app-pages-browser)/./app/rooms/page.tsx:42:23)
    at RoomsPage.useEffect (webpack-internal:///(app-pages-browser)/./app/rooms/page.tsx:104:48) @ webpack-internal:///(app-pages-browser)/./node_modules/next/dist/client/components/globals/intercept-console-error.js:49
[  595541ms] [ERROR] Failed to load resource: net::ERR_FAILED @ http://localhost:9000/__nextjs_original-stack-frames:0
[  600520ms] [ERROR] Failed to load resource: net::ERR_FAILED @ http://localhost:9000/api/rooms?sort=newest:0
[  600520ms] [ERROR] TypeError: Failed to fetch
    at fetchRooms (webpack-internal:///(app-pages-browser)/./app/rooms/page.tsx:42:23)
    at RoomsPage.useEffect (webpack-internal:///(app-pages-browser)/./app/rooms/page.tsx:104:48) @ webpack-internal:///(app-pages-browser)/./node_modules/next/dist/client/components/globals/intercept-console-error.js:49
[  600542ms] [ERROR] Failed to load resource: net::ERR_FAILED @ http://localhost:9000/__nextjs_original-stack-frames:0
[  605518ms] [ERROR] Failed to load resource: net::ERR_FAILED @ http://localhost:9000/api/rooms?sort=newest:0
[  605518ms] [ERROR] TypeError: Failed to fetch
    at fetchRooms (webpack-internal:///(app-pages-browser)/./app/rooms/page.tsx:42:23)
    at RoomsPage.useEffect (webpack-internal:///(app-pages-browser)/./app/rooms/page.tsx:104:48) @ webpack-internal:///(app-pages-browser)/./node_modules/next/dist/client/components/globals/intercept-console-error.js:49
[  605540ms] [ERROR] Failed to load resource: net::ERR_FAILED @ http://localhost:9000/__nextjs_original-stack-frames:0
[  610518ms] [ERROR] Failed to load resource: net::ERR_FAILED @ http://localhost:9000/api/rooms?sort=newest:0
[  610519ms] [ERROR] TypeError: Failed to fetch
    at fetchRooms (webpack-internal:///(app-pages-browser)/./app/rooms/page.tsx:42:23)
    at RoomsPage.useEffect (webpack-internal:///(app-pages-browser)/./app/rooms/page.tsx:104:48) @ webpack-internal:///(app-pages-browser)/./node_modules/next/dist/client/components/globals/intercept-console-error.js:49
[  610540ms] [ERROR] Failed to load resource: net::ERR_FAILED @ http://localhost:9000/__nextjs_original-stack-frames:0
[  615516ms] [ERROR] Failed to load resource: net::ERR_FAILED @ http://localhost:9000/api/rooms?sort=newest:0
[  615517ms] [ERROR] TypeError: Failed to fetch
    at fetchRooms (webpack-internal:///(app-pages-browser)/./app/rooms/page.tsx:42:23)
    at RoomsPage.useEffect (webpack-internal:///(app-pages-browser)/./app/rooms/page.tsx:104:48) @ webpack-internal:///(app-pages-browser)/./node_modules/next/dist/client/components/globals/intercept-console-error.js:49
[  615526ms] [ERROR] Failed to load resource: net::ERR_FAILED @ http://localhost:9000/__nextjs_original-stack-frames:0
[  620518ms] [ERROR] Failed to load resource: net::ERR_FAILED @ http://localhost:9000/api/rooms?sort=newest:0
[  620519ms] [ERROR] TypeError: Failed to fetch
    at fetchRooms (webpack-internal:///(app-pages-browser)/./app/rooms/page.tsx:42:23)
    at RoomsPage.useEffect (webpack-internal:///(app-pages-browser)/./app/rooms/page.tsx:104:48) @ webpack-internal:///(app-pages-browser)/./node_modules/next/dist/client/components/globals/intercept-console-error.js:49
[  620541ms] [ERROR] Failed to load resource: net::ERR_FAILED @ http://localhost:9000/__nextjs_original-stack-frames:0
[  625518ms] [ERROR] Failed to load resource: net::ERR_FAILED @ http://localhost:9000/api/rooms?sort=newest:0
[  625518ms] [ERROR] TypeError: Failed to fetch
    at fetchRooms (webpack-internal:///(app-pages-browser)/./app/rooms/page.tsx:42:23)
    at RoomsPage.useEffect (webpack-internal:///(app-pages-browser)/./app/rooms/page.tsx:104:48) @ webpack-internal:///(app-pages-browser)/./node_modules/next/dist/client/components/globals/intercept-console-error.js:49
[  625540ms] [ERROR] Failed to load resource: net::ERR_FAILED @ http://localhost:9000/__nextjs_original-stack-frames:0
[  630518ms] [ERROR] Failed to load resource: net::ERR_FAILED @ http://localhost:9000/api/rooms?sort=newest:0
[  630519ms] [ERROR] TypeError: Failed to fetch
    at fetchRooms (webpack-internal:///(app-pages-browser)/./app/rooms/page.tsx:42:23)
    at RoomsPage.useEffect (webpack-internal:///(app-pages-browser)/./app/rooms/page.tsx:104:48) @ webpack-internal:///(app-pages-browser)/./node_modules/next/dist/client/components/globals/intercept-console-error.js:49
[  630542ms] [ERROR] Failed to load resource: net::ERR_FAILED @ http://localhost:9000/__nextjs_original-stack-frames:0
[  635517ms] [ERROR] Failed to load resource: net::ERR_FAILED @ http://localhost:9000/api/rooms?sort=newest:0
[  635518ms] [ERROR] TypeError: Failed to fetch
    at fetchRooms (webpack-internal:///(app-pages-browser)/./app/rooms/page.tsx:42:23)
    at RoomsPage.useEffect (webpack-internal:///(app-pages-browser)/./app/rooms/page.tsx:104:48) @ webpack-internal:///(app-pages-browser)/./node_modules/next/dist/client/components/globals/intercept-console-error.js:49
[  635541ms] [ERROR] Failed to load resource: net::ERR_FAILED @ http://localhost:9000/__nextjs_original-stack-frames:0
[  640516ms] [ERROR] Failed to load resource: net::ERR_FAILED @ http://localhost:9000/api/rooms?sort=newest:0
[  640517ms] [ERROR] TypeError: Failed to fetch
    at fetchRooms (webpack-internal:///(app-pages-browser)/./app/rooms/page.tsx:42:23)
    at RoomsPage.useEffect (webpack-internal:///(app-pages-browser)/./app/rooms/page.tsx:104:48) @ webpack-internal:///(app-pages-browser)/./node_modules/next/dist/client/components/globals/intercept-console-error.js:49
[  640535ms] [ERROR] Failed to load resource: net::ERR_FAILED @ http://localhost:9000/__nextjs_original-stack-frames:0
[  645516ms] [ERROR] Failed to load resource: net::ERR_FAILED @ http://localhost:9000/api/rooms?sort=newest:0
[  645517ms] [ERROR] TypeError: Failed to fetch
    at fetchRooms (webpack-internal:///(app-pages-browser)/./app/rooms/page.tsx:42:23)
    at RoomsPage.useEffect (webpack-internal:///(app-pages-browser)/./app/rooms/page.tsx:104:48) @ webpack-internal:///(app-pages-browser)/./node_modules/next/dist/client/components/globals/intercept-console-error.js:49
[  645528ms] [ERROR] Failed to load resource: net::ERR_FAILED @ http://localhost:9000/__nextjs_original-stack-frames:0
[  650515ms] [ERROR] Failed to load resource: net::ERR_FAILED @ http://localhost:9000/api/rooms?sort=newest:0
[  650515ms] [ERROR] TypeError: Failed to fetch
    at fetchRooms (webpack-internal:///(app-pages-browser)/./app/rooms/page.tsx:42:23)
    at RoomsPage.useEffect (webpack-internal:///(app-pages-browser)/./app/rooms/page.tsx:104:48) @ webpack-internal:///(app-pages-browser)/./node_modules/next/dist/client/components/globals/intercept-console-error.js:49
[  650528ms] [ERROR] Failed to load resource: net::ERR_FAILED @ http://localhost:9000/__nextjs_original-stack-frames:0
[  655515ms] [ERROR] Failed to load resource: net::ERR_FAILED @ http://localhost:9000/api/rooms?sort=newest:0
[  655515ms] [ERROR] TypeError: Failed to fetch
    at fetchRooms (webpack-internal:///(app-pages-browser)/./app/rooms/page.tsx:42:23)
    at RoomsPage.useEffect (webpack-internal:///(app-pages-browser)/./app/rooms/page.tsx:104:48) @ webpack-internal:///(app-pages-browser)/./node_modules/next/dist/client/components/globals/intercept-console-error.js:49
[  655534ms] [ERROR] Failed to load resource: net::ERR_FAILED @ http://localhost:9000/__nextjs_original-stack-frames:0
[  660517ms] [ERROR] Failed to load resource: net::ERR_FAILED @ http://localhost:9000/api/rooms?sort=newest:0
[  660518ms] [ERROR] TypeError: Failed to fetch
    at fetchRooms (webpack-internal:///(app-pages-browser)/./app/rooms/page.tsx:42:23)
    at RoomsPage.useEffect (webpack-internal:///(app-pages-browser)/./app/rooms/page.tsx:104:48) @ webpack-internal:///(app-pages-browser)/./node_modules/next/dist/client/components/globals/intercept-console-error.js:49
[  660540ms] [ERROR] Failed to load resource: net::ERR_FAILED @ http://localhost:9000/__nextjs_original-stack-frames:0
[  665516ms] [ERROR] Failed to load resource: net::ERR_FAILED @ http://localhost:9000/api/rooms?sort=newest:0
[  665517ms] [ERROR] TypeError: Failed to fetch
    at fetchRooms (webpack-internal:///(app-pages-browser)/./app/rooms/page.tsx:42:23)
    at RoomsPage.useEffect (webpack-internal:///(app-pages-browser)/./app/rooms/page.tsx:104:48) @ webpack-internal:///(app-pages-browser)/./node_modules/next/dist/client/components/globals/intercept-console-error.js:49
[  665539ms] [ERROR] Failed to load resource: net::ERR_FAILED @ http://localhost:9000/__nextjs_original-stack-frames:0
[  670518ms] [ERROR] Failed to load resource: net::ERR_FAILED @ http://localhost:9000/api/rooms?sort=newest:0
[  670519ms] [ERROR] TypeError: Failed to fetch
    at fetchRooms (webpack-internal:///(app-pages-browser)/./app/rooms/page.tsx:42:23)
    at RoomsPage.useEffect (webpack-internal:///(app-pages-browser)/./app/rooms/page.tsx:104:48) @ webpack-internal:///(app-pages-browser)/./node_modules/next/dist/client/components/globals/intercept-console-error.js:49
[  670540ms] [ERROR] Failed to load resource: net::ERR_FAILED @ http://localhost:9000/__nextjs_original-stack-frames:0
[  675515ms] [ERROR] Failed to load resource: net::ERR_FAILED @ http://localhost:9000/api/rooms?sort=newest:0
[  675516ms] [ERROR] TypeError: Failed to fetch
    at fetchRooms (webpack-internal:///(app-pages-browser)/./app/rooms/page.tsx:42:23)
    at RoomsPage.useEffect (webpack-internal:///(app-pages-browser)/./app/rooms/page.tsx:104:48) @ webpack-internal:///(app-pages-browser)/./node_modules/next/dist/client/components/globals/intercept-console-error.js:49
[  675526ms] [ERROR] Failed to load resource: net::ERR_FAILED @ http://localhost:9000/__nextjs_original-stack-frames:0
[  680517ms] [ERROR] Failed to load resource: net::ERR_FAILED @ http://localhost:9000/api/rooms?sort=newest:0
[  680517ms] [ERROR] TypeError: Failed to fetch
    at fetchRooms (webpack-internal:///(app-pages-browser)/./app/rooms/page.tsx:42:23)
    at RoomsPage.useEffect (webpack-internal:///(app-pages-browser)/./app/rooms/page.tsx:104:48) @ webpack-internal:///(app-pages-browser)/./node_modules/next/dist/client/components/globals/intercept-console-error.js:49
[  680538ms] [ERROR] Failed to load resource: net::ERR_FAILED @ http://localhost:9000/__nextjs_original-stack-frames:0
[  685517ms] [ERROR] Failed to load resource: net::ERR_FAILED @ http://localhost:9000/api/rooms?sort=newest:0
[  685517ms] [ERROR] TypeError: Failed to fetch
    at fetchRooms (webpack-internal:///(app-pages-browser)/./app/rooms/page.tsx:42:23)
    at RoomsPage.useEffect (webpack-internal:///(app-pages-browser)/./app/rooms/page.tsx:104:48) @ webpack-internal:///(app-pages-browser)/./node_modules/next/dist/client/components/globals/intercept-console-error.js:49
[  685540ms] [ERROR] Failed to load resource: net::ERR_FAILED @ http://localhost:9000/__nextjs_original-stack-frames:0
[  690518ms] [ERROR] Failed to load resource: net::ERR_FAILED @ http://localhost:9000/api/rooms?sort=newest:0
[  690518ms] [ERROR] TypeError: Failed to fetch
    at fetchRooms (webpack-internal:///(app-pages-browser)/./app/rooms/page.tsx:42:23)
    at RoomsPage.useEffect (webpack-internal:///(app-pages-browser)/./app/rooms/page.tsx:104:48) @ webpack-internal:///(app-pages-browser)/./node_modules/next/dist/client/components/globals/intercept-console-error.js:49
[  690539ms] [ERROR] Failed to load resource: net::ERR_FAILED @ http://localhost:9000/__nextjs_original-stack-frames:0
[  695516ms] [ERROR] Failed to load resource: net::ERR_FAILED @ http://localhost:9000/api/rooms?sort=newest:0
[  695517ms] [ERROR] TypeError: Failed to fetch
    at fetchRooms (webpack-internal:///(app-pages-browser)/./app/rooms/page.tsx:42:23)
    at RoomsPage.useEffect (webpack-internal:///(app-pages-browser)/./app/rooms/page.tsx:104:48) @ webpack-internal:///(app-pages-browser)/./node_modules/next/dist/client/components/globals/intercept-console-error.js:49
[  695539ms] [ERROR] Failed to load resource: net::ERR_FAILED @ http://localhost:9000/__nextjs_original-stack-frames:0
[  700517ms] [ERROR] Failed to load resource: net::ERR_FAILED @ http://localhost:9000/api/rooms?sort=newest:0
[  700517ms] [ERROR] TypeError: Failed to fetch
    at fetchRooms (webpack-internal:///(app-pages-browser)/./app/rooms/page.tsx:42:23)
    at RoomsPage.useEffect (webpack-internal:///(app-pages-browser)/./app/rooms/page.tsx:104:48) @ webpack-internal:///(app-pages-browser)/./node_modules/next/dist/client/components/globals/intercept-console-error.js:49
[  700537ms] [ERROR] Failed to load resource: net::ERR_FAILED @ http://localhost:9000/__nextjs_original-stack-frames:0
[  705517ms] [ERROR] Failed to load resource: net::ERR_FAILED @ http://localhost:9000/api/rooms?sort=newest:0
[  705517ms] [ERROR] TypeError: Failed to fetch
    at fetchRooms (webpack-internal:///(app-pages-browser)/./app/rooms/page.tsx:42:23)
    at RoomsPage.useEffect (webpack-internal:///(app-pages-browser)/./app/rooms/page.tsx:104:48) @ webpack-internal:///(app-pages-browser)/./node_modules/next/dist/client/components/globals/intercept-console-error.js:49
[  705526ms] [ERROR] Failed to load resource: net::ERR_FAILED @ http://localhost:9000/__nextjs_original-stack-frames:0
[  710517ms] [ERROR] Failed to load resource: net::ERR_FAILED @ http://localhost:9000/api/rooms?sort=newest:0
[  710517ms] [ERROR] TypeError: Failed to fetch
    at fetchRooms (webpack-internal:///(app-pages-browser)/./app/rooms/page.tsx:42:23)
    at RoomsPage.useEffect (webpack-internal:///(app-pages-browser)/./app/rooms/page.tsx:104:48) @ webpack-internal:///(app-pages-browser)/./node_modules/next/dist/client/components/globals/intercept-console-error.js:49
[  710539ms] [ERROR] Failed to load resource: net::ERR_FAILED @ http://localhost:9000/__nextjs_original-stack-frames:0
[  715517ms] [ERROR] Failed to load resource: net::ERR_FAILED @ http://localhost:9000/api/rooms?sort=newest:0
[  715517ms] [ERROR] TypeError: Failed to fetch
    at fetchRooms (webpack-internal:///(app-pages-browser)/./app/rooms/page.tsx:42:23)
    at RoomsPage.useEffect (webpack-internal:///(app-pages-browser)/./app/rooms/page.tsx:104:48) @ webpack-internal:///(app-pages-browser)/./node_modules/next/dist/client/components/globals/intercept-console-error.js:49
[  715537ms] [ERROR] Failed to load resource: net::ERR_FAILED @ http://localhost:9000/__nextjs_original-stack-frames:0
[  720518ms] [ERROR] Failed to load resource: net::ERR_FAILED @ http://localhost:9000/api/rooms?sort=newest:0
[  720519ms] [ERROR] TypeError: Failed to fetch
    at fetchRooms (webpack-internal:///(app-pages-browser)/./app/rooms/page.tsx:42:23)
    at RoomsPage.useEffect (webpack-internal:///(app-pages-browser)/./app/rooms/page.tsx:104:48) @ webpack-internal:///(app-pages-browser)/./node_modules/next/dist/client/components/globals/intercept-console-error.js:49
[  720540ms] [ERROR] Failed to load resource: net::ERR_FAILED @ http://localhost:9000/__nextjs_original-stack-frames:0
[  725521ms] [ERROR] Failed to load resource: net::ERR_FAILED @ http://localhost:9000/api/rooms?sort=newest:0
[  725522ms] [ERROR] TypeError: Failed to fetch
    at fetchRooms (webpack-internal:///(app-pages-browser)/./app/rooms/page.tsx:42:23)
    at RoomsPage.useEffect (webpack-internal:///(app-pages-browser)/./app/rooms/page.tsx:104:48) @ webpack-internal:///(app-pages-browser)/./node_modules/next/dist/client/components/globals/intercept-console-error.js:49
[  725545ms] [ERROR] Failed to load resource: net::ERR_FAILED @ http://localhost:9000/__nextjs_original-stack-frames:0
[  730529ms] [ERROR] Failed to load resource: net::ERR_FAILED @ http://localhost:9000/api/rooms?sort=newest:0
[  730529ms] [ERROR] TypeError: Failed to fetch
    at fetchRooms (webpack-internal:///(app-pages-browser)/./app/rooms/page.tsx:42:23)
    at RoomsPage.useEffect (webpack-internal:///(app-pages-browser)/./app/rooms/page.tsx:104:48) @ webpack-internal:///(app-pages-browser)/./node_modules/next/dist/client/components/globals/intercept-console-error.js:49
[  730549ms] [ERROR] Failed to load resource: net::ERR_FAILED @ http://localhost:9000/__nextjs_original-stack-frames:0
[  735516ms] [ERROR] Failed to load resource: net::ERR_FAILED @ http://localhost:9000/api/rooms?sort=newest:0
[  735516ms] [ERROR] TypeError: Failed to fetch
    at fetchRooms (webpack-internal:///(app-pages-browser)/./app/rooms/page.tsx:42:23)
    at RoomsPage.useEffect (webpack-internal:///(app-pages-browser)/./app/rooms/page.tsx:104:48) @ webpack-internal:///(app-pages-browser)/./node_modules/next/dist/client/components/globals/intercept-console-error.js:49
[  735526ms] [ERROR] Failed to load resource: net::ERR_FAILED @ http://localhost:9000/__nextjs_original-stack-frames:0
[  740519ms] [ERROR] Failed to load resource: net::ERR_FAILED @ http://localhost:9000/api/rooms?sort=newest:0
[  740519ms] [ERROR] TypeError: Failed to fetch
    at fetchRooms (webpack-internal:///(app-pages-browser)/./app/rooms/page.tsx:42:23)
    at RoomsPage.useEffect (webpack-internal:///(app-pages-browser)/./app/rooms/page.tsx:104:48) @ webpack-internal:///(app-pages-browser)/./node_modules/next/dist/client/components/globals/intercept-console-error.js:49
[  740540ms] [ERROR] Failed to load resource: net::ERR_FAILED @ http://localhost:9000/__nextjs_original-stack-frames:0
[  745516ms] [ERROR] Failed to load resource: net::ERR_FAILED @ http://localhost:9000/api/rooms?sort=newest:0
[  745516ms] [ERROR] TypeError: Failed to fetch
    at fetchRooms (webpack-internal:///(app-pages-browser)/./app/rooms/page.tsx:42:23)
    at RoomsPage.useEffect (webpack-internal:///(app-pages-browser)/./app/rooms/page.tsx:104:48) @ webpack-internal:///(app-pages-browser)/./node_modules/next/dist/client/components/globals/intercept-console-error.js:49
[  745534ms] [ERROR] Failed to load resource: net::ERR_FAILED @ http://localhost:9000/__nextjs_original-stack-frames:0
[  750518ms] [ERROR] Failed to load resource: net::ERR_FAILED @ http://localhost:9000/api/rooms?sort=newest:0
[  750519ms] [ERROR] TypeError: Failed to fetch
    at fetchRooms (webpack-internal:///(app-pages-browser)/./app/rooms/page.tsx:42:23)
    at RoomsPage.useEffect (webpack-internal:///(app-pages-browser)/./app/rooms/page.tsx:104:48) @ webpack-internal:///(app-pages-browser)/./node_modules/next/dist/client/components/globals/intercept-console-error.js:49
[  750540ms] [ERROR] Failed to load resource: net::ERR_FAILED @ http://localhost:9000/__nextjs_original-stack-frames:0
[  755518ms] [ERROR] Failed to load resource: net::ERR_FAILED @ http://localhost:9000/api/rooms?sort=newest:0
[  755519ms] [ERROR] TypeError: Failed to fetch
    at fetchRooms (webpack-internal:///(app-pages-browser)/./app/rooms/page.tsx:42:23)
    at RoomsPage.useEffect (webpack-internal:///(app-pages-browser)/./app/rooms/page.tsx:104:48) @ webpack-internal:///(app-pages-browser)/./node_modules/next/dist/client/components/globals/intercept-console-error.js:49
[  755534ms] [ERROR] Failed to load resource: net::ERR_FAILED @ http://localhost:9000/__nextjs_original-stack-frames:0
[  760517ms] [ERROR] Failed to load resource: net::ERR_FAILED @ http://localhost:9000/api/rooms?sort=newest:0
[  760517ms] [ERROR] TypeError: Failed to fetch
    at fetchRooms (webpack-internal:///(app-pages-browser)/./app/rooms/page.tsx:42:23)
    at RoomsPage.useEffect (webpack-internal:///(app-pages-browser)/./app/rooms/page.tsx:104:48) @ webpack-internal:///(app-pages-browser)/./node_modules/next/dist/client/components/globals/intercept-console-error.js:49
[  760538ms] [ERROR] Failed to load resource: net::ERR_FAILED @ http://localhost:9000/__nextjs_original-stack-frames:0
[  765516ms] [ERROR] Failed to load resource: net::ERR_FAILED @ http://localhost:9000/api/rooms?sort=newest:0
[  765516ms] [ERROR] TypeError: Failed to fetch
    at fetchRooms (webpack-internal:///(app-pages-browser)/./app/rooms/page.tsx:42:23)
    at RoomsPage.useEffect (webpack-internal:///(app-pages-browser)/./app/rooms/page.tsx:104:48) @ webpack-internal:///(app-pages-browser)/./node_modules/next/dist/client/components/globals/intercept-console-error.js:49
[  765526ms] [ERROR] Failed to load resource: net::ERR_FAILED @ http://localhost:9000/__nextjs_original-stack-frames:0
[  770517ms] [ERROR] Failed to load resource: net::ERR_FAILED @ http://localhost:9000/api/rooms?sort=newest:0
[  770518ms] [ERROR] TypeError: Failed to fetch
    at fetchRooms (webpack-internal:///(app-pages-browser)/./app/rooms/page.tsx:42:23)
    at RoomsPage.useEffect (webpack-internal:///(app-pages-browser)/./app/rooms/page.tsx:104:48) @ webpack-internal:///(app-pages-browser)/./node_modules/next/dist/client/components/globals/intercept-console-error.js:49
[  770539ms] [ERROR] Failed to load resource: net::ERR_FAILED @ http://localhost:9000/__nextjs_original-stack-frames:0
[  775517ms] [ERROR] Failed to load resource: net::ERR_FAILED @ http://localhost:9000/api/rooms?sort=newest:0
[  775518ms] [ERROR] TypeError: Failed to fetch
    at fetchRooms (webpack-internal:///(app-pages-browser)/./app/rooms/page.tsx:42:23)
    at RoomsPage.useEffect (webpack-internal:///(app-pages-browser)/./app/rooms/page.tsx:104:48) @ webpack-internal:///(app-pages-browser)/./node_modules/next/dist/client/components/globals/intercept-console-error.js:49
[  775539ms] [ERROR] Failed to load resource: net::ERR_FAILED @ http://localhost:9000/__nextjs_original-stack-frames:0
[  780517ms] [ERROR] Failed to load resource: net::ERR_FAILED @ http://localhost:9000/api/rooms?sort=newest:0
[  780518ms] [ERROR] TypeError: Failed to fetch
    at fetchRooms (webpack-internal:///(app-pages-browser)/./app/rooms/page.tsx:42:23)
    at RoomsPage.useEffect (webpack-internal:///(app-pages-browser)/./app/rooms/page.tsx:104:48) @ webpack-internal:///(app-pages-browser)/./node_modules/next/dist/client/components/globals/intercept-console-error.js:49
[  780538ms] [ERROR] Failed to load resource: net::ERR_FAILED @ http://localhost:9000/__nextjs_original-stack-frames:0
[  785517ms] [ERROR] Failed to load resource: net::ERR_FAILED @ http://localhost:9000/api/rooms?sort=newest:0
[  785517ms] [ERROR] TypeError: Failed to fetch
    at fetchRooms (webpack-internal:///(app-pages-browser)/./app/rooms/page.tsx:42:23)
    at RoomsPage.useEffect (webpack-internal:///(app-pages-browser)/./app/rooms/page.tsx:104:48) @ webpack-internal:///(app-pages-browser)/./node_modules/next/dist/client/components/globals/intercept-console-error.js:49
[  785538ms] [ERROR] Failed to load resource: net::ERR_FAILED @ http://localhost:9000/__nextjs_original-stack-frames:0
[  790519ms] [ERROR] Failed to load resource: net::ERR_FAILED @ http://localhost:9000/api/rooms?sort=newest:0
[  790519ms] [ERROR] TypeError: Failed to fetch
    at fetchRooms (webpack-internal:///(app-pages-browser)/./app/rooms/page.tsx:42:23)
    at RoomsPage.useEffect (webpack-internal:///(app-pages-browser)/./app/rooms/page.tsx:104:48) @ webpack-internal:///(app-pages-browser)/./node_modules/next/dist/client/components/globals/intercept-console-error.js:49
[  790539ms] [ERROR] Failed to load resource: net::ERR_FAILED @ http://localhost:9000/__nextjs_original-stack-frames:0
[  795516ms] [ERROR] Failed to load resource: net::ERR_FAILED @ http://localhost:9000/api/rooms?sort=newest:0
[  795516ms] [ERROR] TypeError: Failed to fetch
    at fetchRooms (webpack-internal:///(app-pages-browser)/./app/rooms/page.tsx:42:23)
    at RoomsPage.useEffect (webpack-internal:///(app-pages-browser)/./app/rooms/page.tsx:104:48) @ webpack-internal:///(app-pages-browser)/./node_modules/next/dist/client/components/globals/intercept-console-error.js:49
[  795528ms] [ERROR] Failed to load resource: net::ERR_FAILED @ http://localhost:9000/__nextjs_original-stack-frames:0
[  800518ms] [ERROR] Failed to load resource: net::ERR_FAILED @ http://localhost:9000/api/rooms?sort=newest:0
[  800518ms] [ERROR] TypeError: Failed to fetch
    at fetchRooms (webpack-internal:///(app-pages-browser)/./app/rooms/page.tsx:42:23)
    at RoomsPage.useEffect (webpack-internal:///(app-pages-browser)/./app/rooms/page.tsx:104:48) @ webpack-internal:///(app-pages-browser)/./node_modules/next/dist/client/components/globals/intercept-console-error.js:49
[  800539ms] [ERROR] Failed to load resource: net::ERR_FAILED @ http://localhost:9000/__nextjs_original-stack-frames:0
[  805518ms] [ERROR] Failed to load resource: net::ERR_FAILED @ http://localhost:9000/api/rooms?sort=newest:0
[  805518ms] [ERROR] TypeError: Failed to fetch
    at fetchRooms (webpack-internal:///(app-pages-browser)/./app/rooms/page.tsx:42:23)
    at RoomsPage.useEffect (webpack-internal:///(app-pages-browser)/./app/rooms/page.tsx:104:48) @ webpack-internal:///(app-pages-browser)/./node_modules/next/dist/client/components/globals/intercept-console-error.js:49
[  805539ms] [ERROR] Failed to load resource: net::ERR_FAILED @ http://localhost:9000/__nextjs_original-stack-frames:0
[  810516ms] [ERROR] Failed to load resource: net::ERR_FAILED @ http://localhost:9000/api/rooms?sort=newest:0
[  810516ms] [ERROR] TypeError: Failed to fetch
    at fetchRooms (webpack-internal:///(app-pages-browser)/./app/rooms/page.tsx:42:23)
    at RoomsPage.useEffect (webpack-internal:///(app-pages-browser)/./app/rooms/page.tsx:104:48) @ webpack-internal:///(app-pages-browser)/./node_modules/next/dist/client/components/globals/intercept-console-error.js:49
[  810536ms] [ERROR] Failed to load resource: net::ERR_FAILED @ http://localhost:9000/__nextjs_original-stack-frames:0
[  815516ms] [ERROR] Failed to load resource: net::ERR_FAILED @ http://localhost:9000/api/rooms?sort=newest:0
[  815516ms] [ERROR] TypeError: Failed to fetch
    at fetchRooms (webpack-internal:///(app-pages-browser)/./app/rooms/page.tsx:42:23)
    at RoomsPage.useEffect (webpack-internal:///(app-pages-browser)/./app/rooms/page.tsx:104:48) @ webpack-internal:///(app-pages-browser)/./node_modules/next/dist/client/components/globals/intercept-console-error.js:49
[  815534ms] [ERROR] Failed to load resource: net::ERR_FAILED @ http://localhost:9000/__nextjs_original-stack-frames:0
[  820515ms] [ERROR] Failed to load resource: net::ERR_FAILED @ http://localhost:9000/api/rooms?sort=newest:0
[  820515ms] [ERROR] TypeError: Failed to fetch
    at fetchRooms (webpack-internal:///(app-pages-browser)/./app/rooms/page.tsx:42:23)
    at RoomsPage.useEffect (webpack-internal:///(app-pages-browser)/./app/rooms/page.tsx:104:48) @ webpack-internal:///(app-pages-browser)/./node_modules/next/dist/client/components/globals/intercept-console-error.js:49
[  820530ms] [ERROR] Failed to load resource: net::ERR_FAILED @ http://localhost:9000/__nextjs_original-stack-frames:0
[  825514ms] [ERROR] Failed to load resource: net::ERR_FAILED @ http://localhost:9000/api/rooms?sort=newest:0
[  825514ms] [ERROR] TypeError: Failed to fetch
    at fetchRooms (webpack-internal:///(app-pages-browser)/./app/rooms/page.tsx:42:23)
    at RoomsPage.useEffect (webpack-internal:///(app-pages-browser)/./app/rooms/page.tsx:104:48) @ webpack-internal:///(app-pages-browser)/./node_modules/next/dist/client/components/globals/intercept-console-error.js:49
[  825522ms] [ERROR] Failed to load resource: net::ERR_FAILED @ http://localhost:9000/__nextjs_original-stack-frames:0
[  830515ms] [ERROR] Failed to load resource: net::ERR_FAILED @ http://localhost:9000/api/rooms?sort=newest:0
[  830515ms] [ERROR] TypeError: Failed to fetch
    at fetchRooms (webpack-internal:///(app-pages-browser)/./app/rooms/page.tsx:42:23)
    at RoomsPage.useEffect (webpack-internal:///(app-pages-browser)/./app/rooms/page.tsx:104:48) @ webpack-internal:///(app-pages-browser)/./node_modules/next/dist/client/components/globals/intercept-console-error.js:49
[  830534ms] [ERROR] Failed to load resource: net::ERR_FAILED @ http://localhost:9000/__nextjs_original-stack-frames:0
[  835515ms] [ERROR] Failed to load resource: net::ERR_FAILED @ http://localhost:9000/api/rooms?sort=newest:0
[  835515ms] [ERROR] TypeError: Failed to fetch
    at fetchRooms (webpack-internal:///(app-pages-browser)/./app/rooms/page.tsx:42:23)
    at RoomsPage.useEffect (webpack-internal:///(app-pages-browser)/./app/rooms/page.tsx:104:48) @ webpack-internal:///(app-pages-browser)/./node_modules/next/dist/client/components/globals/intercept-console-error.js:49
[  835533ms] [ERROR] Failed to load resource: net::ERR_FAILED @ http://localhost:9000/__nextjs_original-stack-frames:0
[  840515ms] [ERROR] Failed to load resource: net::ERR_FAILED @ http://localhost:9000/api/rooms?sort=newest:0
[  840516ms] [ERROR] TypeError: Failed to fetch
    at fetchRooms (webpack-internal:///(app-pages-browser)/./app/rooms/page.tsx:42:23)
    at RoomsPage.useEffect (webpack-internal:///(app-pages-browser)/./app/rooms/page.tsx:104:48) @ webpack-internal:///(app-pages-browser)/./node_modules/next/dist/client/components/globals/intercept-console-error.js:49
[  840533ms] [ERROR] Failed to load resource: net::ERR_FAILED @ http://localhost:9000/__nextjs_original-stack-frames:0
[  845517ms] [ERROR] Failed to load resource: net::ERR_FAILED @ http://localhost:9000/api/rooms?sort=newest:0
[  845517ms] [ERROR] TypeError: Failed to fetch
    at fetchRooms (webpack-internal:///(app-pages-browser)/./app/rooms/page.tsx:42:23)
    at RoomsPage.useEffect (webpack-internal:///(app-pages-browser)/./app/rooms/page.tsx:104:48) @ webpack-internal:///(app-pages-browser)/./node_modules/next/dist/client/components/globals/intercept-console-error.js:49
[  845537ms] [ERROR] Failed to load resource: net::ERR_FAILED @ http://localhost:9000/__nextjs_original-stack-frames:0
[  850515ms] [ERROR] Failed to load resource: net::ERR_FAILED @ http://localhost:9000/api/rooms?sort=newest:0
[  850515ms] [ERROR] TypeError: Failed to fetch
    at fetchRooms (webpack-internal:///(app-pages-browser)/./app/rooms/page.tsx:42:23)
    at RoomsPage.useEffect (webpack-internal:///(app-pages-browser)/./app/rooms/page.tsx:104:48) @ webpack-internal:///(app-pages-browser)/./node_modules/next/dist/client/components/globals/intercept-console-error.js:49
[  850532ms] [ERROR] Failed to load resource: net::ERR_FAILED @ http://localhost:9000/__nextjs_original-stack-frames:0
[  855514ms] [ERROR] Failed to load resource: net::ERR_FAILED @ http://localhost:9000/api/rooms?sort=newest:0
[  855514ms] [ERROR] TypeError: Failed to fetch
    at fetchRooms (webpack-internal:///(app-pages-browser)/./app/rooms/page.tsx:42:23)
    at RoomsPage.useEffect (webpack-internal:///(app-pages-browser)/./app/rooms/page.tsx:104:48) @ webpack-internal:///(app-pages-browser)/./node_modules/next/dist/client/components/globals/intercept-console-error.js:49
[  855522ms] [ERROR] Failed to load resource: net::ERR_FAILED @ http://localhost:9000/__nextjs_original-stack-frames:0
[  860516ms] [ERROR] Failed to load resource: net::ERR_FAILED @ http://localhost:9000/api/rooms?sort=newest:0
[  860517ms] [ERROR] TypeError: Failed to fetch
    at fetchRooms (webpack-internal:///(app-pages-browser)/./app/rooms/page.tsx:42:23)
    at RoomsPage.useEffect (webpack-internal:///(app-pages-browser)/./app/rooms/page.tsx:104:48) @ webpack-internal:///(app-pages-browser)/./node_modules/next/dist/client/components/globals/intercept-console-error.js:49
[  860527ms] [ERROR] Failed to load resource: net::ERR_FAILED @ http://localhost:9000/__nextjs_original-stack-frames:0
[  865516ms] [ERROR] Failed to load resource: net::ERR_FAILED @ http://localhost:9000/api/rooms?sort=newest:0
[  865516ms] [ERROR] TypeError: Failed to fetch
    at fetchRooms (webpack-internal:///(app-pages-browser)/./app/rooms/page.tsx:42:23)
    at RoomsPage.useEffect (webpack-internal:///(app-pages-browser)/./app/rooms/page.tsx:104:48) @ webpack-internal:///(app-pages-browser)/./node_modules/next/dist/client/components/globals/intercept-console-error.js:49
[  865527ms] [ERROR] Failed to load resource: net::ERR_FAILED @ http://localhost:9000/__nextjs_original-stack-frames:0
[  870516ms] [ERROR] Failed to load resource: net::ERR_FAILED @ http://localhost:9000/api/rooms?sort=newest:0
[  870516ms] [ERROR] TypeError: Failed to fetch
    at fetchRooms (webpack-internal:///(app-pages-browser)/./app/rooms/page.tsx:42:23)
    at RoomsPage.useEffect (webpack-internal:///(app-pages-browser)/./app/rooms/page.tsx:104:48) @ webpack-internal:///(app-pages-browser)/./node_modules/next/dist/client/components/globals/intercept-console-error.js:49
[  870531ms] [ERROR] Failed to load resource: net::ERR_FAILED @ http://localhost:9000/__nextjs_original-stack-frames:0
[  875517ms] [ERROR] Failed to load resource: net::ERR_FAILED @ http://localhost:9000/api/rooms?sort=newest:0
[  875517ms] [ERROR] TypeError: Failed to fetch
    at fetchRooms (webpack-internal:///(app-pages-browser)/./app/rooms/page.tsx:42:23)
    at RoomsPage.useEffect (webpack-internal:///(app-pages-browser)/./app/rooms/page.tsx:104:48) @ webpack-internal:///(app-pages-browser)/./node_modules/next/dist/client/components/globals/intercept-console-error.js:49
[  875535ms] [ERROR] Failed to load resource: net::ERR_FAILED @ http://localhost:9000/__nextjs_original-stack-frames:0
[  880519ms] [ERROR] Failed to load resource: net::ERR_FAILED @ http://localhost:9000/api/rooms?sort=newest:0
[  880519ms] [ERROR] TypeError: Failed to fetch
    at fetchRooms (webpack-internal:///(app-pages-browser)/./app/rooms/page.tsx:42:23)
    at RoomsPage.useEffect (webpack-internal:///(app-pages-browser)/./app/rooms/page.tsx:104:48) @ webpack-internal:///(app-pages-browser)/./node_modules/next/dist/client/components/globals/intercept-console-error.js:49
[  880540ms] [ERROR] Failed to load resource: net::ERR_FAILED @ http://localhost:9000/__nextjs_original-stack-frames:0
[  885516ms] [ERROR] Failed to load resource: net::ERR_FAILED @ http://localhost:9000/api/rooms?sort=newest:0
[  885516ms] [ERROR] TypeError: Failed to fetch
    at fetchRooms (webpack-internal:///(app-pages-browser)/./app/rooms/page.tsx:42:23)
    at RoomsPage.useEffect (webpack-internal:///(app-pages-browser)/./app/rooms/page.tsx:104:48) @ webpack-internal:///(app-pages-browser)/./node_modules/next/dist/client/components/globals/intercept-console-error.js:49
[  885527ms] [ERROR] Failed to load resource: net::ERR_FAILED @ http://localhost:9000/__nextjs_original-stack-frames:0
[  890516ms] [ERROR] Failed to load resource: net::ERR_FAILED @ http://localhost:9000/api/rooms?sort=newest:0
[  890516ms] [ERROR] TypeError: Failed to fetch
    at fetchRooms (webpack-internal:///(app-pages-browser)/./app/rooms/page.tsx:42:23)
    at RoomsPage.useEffect (webpack-internal:///(app-pages-browser)/./app/rooms/page.tsx:104:48) @ webpack-internal:///(app-pages-browser)/./node_modules/next/dist/client/components/globals/intercept-console-error.js:49
[  890537ms] [ERROR] Failed to load resource: net::ERR_FAILED @ http://localhost:9000/__nextjs_original-stack-frames:0
[  895516ms] [ERROR] Failed to load resource: net::ERR_FAILED @ http://localhost:9000/api/rooms?sort=newest:0
[  895516ms] [ERROR] TypeError: Failed to fetch
    at fetchRooms (webpack-internal:///(app-pages-browser)/./app/rooms/page.tsx:42:23)
    at RoomsPage.useEffect (webpack-internal:///(app-pages-browser)/./app/rooms/page.tsx:104:48) @ webpack-internal:///(app-pages-browser)/./node_modules/next/dist/client/components/globals/intercept-console-error.js:49
[  895535ms] [ERROR] Failed to load resource: net::ERR_FAILED @ http://localhost:9000/__nextjs_original-stack-frames:0
[  900517ms] [ERROR] Failed to load resource: net::ERR_FAILED @ http://localhost:9000/api/rooms?sort=newest:0
[  900518ms] [ERROR] TypeError: Failed to fetch
    at fetchRooms (webpack-internal:///(app-pages-browser)/./app/rooms/page.tsx:42:23)
    at RoomsPage.useEffect (webpack-internal:///(app-pages-browser)/./app/rooms/page.tsx:104:48) @ webpack-internal:///(app-pages-browser)/./node_modules/next/dist/client/components/globals/intercept-console-error.js:49
[  900540ms] [ERROR] Failed to load resource: net::ERR_FAILED @ http://localhost:9000/__nextjs_original-stack-frames:0
[  905518ms] [ERROR] Failed to load resource: net::ERR_FAILED @ http://localhost:9000/api/rooms?sort=newest:0
[  905519ms] [ERROR] TypeError: Failed to fetch
    at fetchRooms (webpack-internal:///(app-pages-browser)/./app/rooms/page.tsx:42:23)
    at RoomsPage.useEffect (webpack-internal:///(app-pages-browser)/./app/rooms/page.tsx:104:48) @ webpack-internal:///(app-pages-browser)/./node_modules/next/dist/client/components/globals/intercept-console-error.js:49
[  905542ms] [ERROR] Failed to load resource: net::ERR_FAILED @ http://localhost:9000/__nextjs_original-stack-frames:0
[  910515ms] [ERROR] Failed to load resource: net::ERR_FAILED @ http://localhost:9000/api/rooms?sort=newest:0
[  910515ms] [ERROR] TypeError: Failed to fetch
    at fetchRooms (webpack-internal:///(app-pages-browser)/./app/rooms/page.tsx:42:23)
    at RoomsPage.useEffect (webpack-internal:///(app-pages-browser)/./app/rooms/page.tsx:104:48) @ webpack-internal:///(app-pages-browser)/./node_modules/next/dist/client/components/globals/intercept-console-error.js:49
[  910535ms] [ERROR] Failed to load resource: net::ERR_FAILED @ http://localhost:9000/__nextjs_original-stack-frames:0
[  915516ms] [ERROR] Failed to load resource: net::ERR_FAILED @ http://localhost:9000/api/rooms?sort=newest:0
[  915516ms] [ERROR] TypeError: Failed to fetch
    at fetchRooms (webpack-internal:///(app-pages-browser)/./app/rooms/page.tsx:42:23)
    at RoomsPage.useEffect (webpack-internal:///(app-pages-browser)/./app/rooms/page.tsx:104:48) @ webpack-internal:///(app-pages-browser)/./node_modules/next/dist/client/components/globals/intercept-console-error.js:49
[  915528ms] [ERROR] Failed to load resource: net::ERR_FAILED @ http://localhost:9000/__nextjs_original-stack-frames:0
[  920518ms] [ERROR] Failed to load resource: net::ERR_FAILED @ http://localhost:9000/api/rooms?sort=newest:0
[  920518ms] [ERROR] TypeError: Failed to fetch
    at fetchRooms (webpack-internal:///(app-pages-browser)/./app/rooms/page.tsx:42:23)
    at RoomsPage.useEffect (webpack-internal:///(app-pages-browser)/./app/rooms/page.tsx:104:48) @ webpack-internal:///(app-pages-browser)/./node_modules/next/dist/client/components/globals/intercept-console-error.js:49
[  920539ms] [ERROR] Failed to load resource: net::ERR_FAILED @ http://localhost:9000/__nextjs_original-stack-frames:0
[  925517ms] [ERROR] Failed to load resource: net::ERR_FAILED @ http://localhost:9000/api/rooms?sort=newest:0
[  925518ms] [ERROR] TypeError: Failed to fetch
    at fetchRooms (webpack-internal:///(app-pages-browser)/./app/rooms/page.tsx:42:23)
    at RoomsPage.useEffect (webpack-internal:///(app-pages-browser)/./app/rooms/page.tsx:104:48) @ webpack-internal:///(app-pages-browser)/./node_modules/next/dist/client/components/globals/intercept-console-error.js:49
[  925539ms] [ERROR] Failed to load resource: net::ERR_FAILED @ http://localhost:9000/__nextjs_original-stack-frames:0
[  930516ms] [ERROR] Failed to load resource: net::ERR_FAILED @ http://localhost:9000/api/rooms?sort=newest:0
[  930516ms] [ERROR] TypeError: Failed to fetch
    at fetchRooms (webpack-internal:///(app-pages-browser)/./app/rooms/page.tsx:42:23)
    at RoomsPage.useEffect (webpack-internal:///(app-pages-browser)/./app/rooms/page.tsx:104:48) @ webpack-internal:///(app-pages-browser)/./node_modules/next/dist/client/components/globals/intercept-console-error.js:49
[  930534ms] [ERROR] Failed to load resource: net::ERR_FAILED @ http://localhost:9000/__nextjs_original-stack-frames:0
[  935517ms] [ERROR] Failed to load resource: net::ERR_FAILED @ http://localhost:9000/api/rooms?sort=newest:0
[  935517ms] [ERROR] TypeError: Failed to fetch
    at fetchRooms (webpack-internal:///(app-pages-browser)/./app/rooms/page.tsx:42:23)
    at RoomsPage.useEffect (webpack-internal:///(app-pages-browser)/./app/rooms/page.tsx:104:48) @ webpack-internal:///(app-pages-browser)/./node_modules/next/dist/client/components/globals/intercept-console-error.js:49
[  935538ms] [ERROR] Failed to load resource: net::ERR_FAILED @ http://localhost:9000/__nextjs_original-stack-frames:0
[  940519ms] [ERROR] Failed to load resource: net::ERR_FAILED @ http://localhost:9000/api/rooms?sort=newest:0
[  940519ms] [ERROR] TypeError: Failed to fetch
    at fetchRooms (webpack-internal:///(app-pages-browser)/./app/rooms/page.tsx:42:23)
    at RoomsPage.useEffect (webpack-internal:///(app-pages-browser)/./app/rooms/page.tsx:104:48) @ webpack-internal:///(app-pages-browser)/./node_modules/next/dist/client/components/globals/intercept-console-error.js:49
[  940539ms] [ERROR] Failed to load resource: net::ERR_FAILED @ http://localhost:9000/__nextjs_original-stack-frames:0
[  945515ms] [ERROR] Failed to load resource: net::ERR_FAILED @ http://localhost:9000/api/rooms?sort=newest:0
[  945516ms] [ERROR] TypeError: Failed to fetch
    at fetchRooms (webpack-internal:///(app-pages-browser)/./app/rooms/page.tsx:42:23)
    at RoomsPage.useEffect (webpack-internal:///(app-pages-browser)/./app/rooms/page.tsx:104:48) @ webpack-internal:///(app-pages-browser)/./node_modules/next/dist/client/components/globals/intercept-console-error.js:49
[  945528ms] [ERROR] Failed to load resource: net::ERR_FAILED @ http://localhost:9000/__nextjs_original-stack-frames:0
[  950516ms] [ERROR] Failed to load resource: net::ERR_FAILED @ http://localhost:9000/api/rooms?sort=newest:0
[  950516ms] [ERROR] TypeError: Failed to fetch
    at fetchRooms (webpack-internal:///(app-pages-browser)/./app/rooms/page.tsx:42:23)
    at RoomsPage.useEffect (webpack-internal:///(app-pages-browser)/./app/rooms/page.tsx:104:48) @ webpack-internal:///(app-pages-browser)/./node_modules/next/dist/client/components/globals/intercept-console-error.js:49
[  950537ms] [ERROR] Failed to load resource: net::ERR_FAILED @ http://localhost:9000/__nextjs_original-stack-frames:0
[  955514ms] [ERROR] Failed to load resource: net::ERR_FAILED @ http://localhost:9000/api/rooms?sort=newest:0
[  955514ms] [ERROR] TypeError: Failed to fetch
    at fetchRooms (webpack-internal:///(app-pages-browser)/./app/rooms/page.tsx:42:23)
    at RoomsPage.useEffect (webpack-internal:///(app-pages-browser)/./app/rooms/page.tsx:104:48) @ webpack-internal:///(app-pages-browser)/./node_modules/next/dist/client/components/globals/intercept-console-error.js:49
[  955524ms] [ERROR] Failed to load resource: net::ERR_FAILED @ http://localhost:9000/__nextjs_original-stack-frames:0
[  960515ms] [ERROR] Failed to load resource: net::ERR_FAILED @ http://localhost:9000/api/rooms?sort=newest:0
[  960515ms] [ERROR] TypeError: Failed to fetch
    at fetchRooms (webpack-internal:///(app-pages-browser)/./app/rooms/page.tsx:42:23)
    at RoomsPage.useEffect (webpack-internal:///(app-pages-browser)/./app/rooms/page.tsx:104:48) @ webpack-internal:///(app-pages-browser)/./node_modules/next/dist/client/components/globals/intercept-console-error.js:49
[  960531ms] [ERROR] Failed to load resource: net::ERR_FAILED @ http://localhost:9000/__nextjs_original-stack-frames:0
[  965517ms] [ERROR] Failed to load resource: net::ERR_FAILED @ http://localhost:9000/api/rooms?sort=newest:0
[  965518ms] [ERROR] TypeError: Failed to fetch
    at fetchRooms (webpack-internal:///(app-pages-browser)/./app/rooms/page.tsx:42:23)
    at RoomsPage.useEffect (webpack-internal:///(app-pages-browser)/./app/rooms/page.tsx:104:48) @ webpack-internal:///(app-pages-browser)/./node_modules/next/dist/client/components/globals/intercept-console-error.js:49
[  965531ms] [ERROR] Failed to load resource: net::ERR_FAILED @ http://localhost:9000/__nextjs_original-stack-frames:0
[  970515ms] [ERROR] Failed to load resource: net::ERR_FAILED @ http://localhost:9000/api/rooms?sort=newest:0
[  970515ms] [ERROR] TypeError: Failed to fetch
    at fetchRooms (webpack-internal:///(app-pages-browser)/./app/rooms/page.tsx:42:23)
    at RoomsPage.useEffect (webpack-internal:///(app-pages-browser)/./app/rooms/page.tsx:104:48) @ webpack-internal:///(app-pages-browser)/./node_modules/next/dist/client/components/globals/intercept-console-error.js:49
[  970535ms] [ERROR] Failed to load resource: net::ERR_FAILED @ http://localhost:9000/__nextjs_original-stack-frames:0
[  975515ms] [ERROR] Failed to load resource: net::ERR_FAILED @ http://localhost:9000/api/rooms?sort=newest:0
[  975515ms] [ERROR] TypeError: Failed to fetch
    at fetchRooms (webpack-internal:///(app-pages-browser)/./app/rooms/page.tsx:42:23)
    at RoomsPage.useEffect (webpack-internal:///(app-pages-browser)/./app/rooms/page.tsx:104:48) @ webpack-internal:///(app-pages-browser)/./node_modules/next/dist/client/components/globals/intercept-console-error.js:49
[  975525ms] [ERROR] Failed to load resource: net::ERR_FAILED @ http://localhost:9000/__nextjs_original-stack-frames:0
[  980516ms] [ERROR] Failed to load resource: net::ERR_FAILED @ http://localhost:9000/api/rooms?sort=newest:0
[  980516ms] [ERROR] TypeError: Failed to fetch
    at fetchRooms (webpack-internal:///(app-pages-browser)/./app/rooms/page.tsx:42:23)
    at RoomsPage.useEffect (webpack-internal:///(app-pages-browser)/./app/rooms/page.tsx:104:48) @ webpack-internal:///(app-pages-browser)/./node_modules/next/dist/client/components/globals/intercept-console-error.js:49
[  980535ms] [ERROR] Failed to load resource: net::ERR_FAILED @ http://localhost:9000/__nextjs_original-stack-frames:0
[  985516ms] [ERROR] Failed to load resource: net::ERR_FAILED @ http://localhost:9000/api/rooms?sort=newest:0
[  985516ms] [ERROR] TypeError: Failed to fetch
    at fetchRooms (webpack-internal:///(app-pages-browser)/./app/rooms/page.tsx:42:23)
    at RoomsPage.useEffect (webpack-internal:///(app-pages-browser)/./app/rooms/page.tsx:104:48) @ webpack-internal:///(app-pages-browser)/./node_modules/next/dist/client/components/globals/intercept-console-error.js:49
[  985536ms] [ERROR] Failed to load resource: net::ERR_FAILED @ http://localhost:9000/__nextjs_original-stack-frames:0
[  990518ms] [ERROR] Failed to load resource: net::ERR_FAILED @ http://localhost:9000/api/rooms?sort=newest:0
[  990518ms] [ERROR] TypeError: Failed to fetch
    at fetchRooms (webpack-internal:///(app-pages-browser)/./app/rooms/page.tsx:42:23)
    at RoomsPage.useEffect (webpack-internal:///(app-pages-browser)/./app/rooms/page.tsx:104:48) @ webpack-internal:///(app-pages-browser)/./node_modules/next/dist/client/components/globals/intercept-console-error.js:49
[  990539ms] [ERROR] Failed to load resource: net::ERR_FAILED @ http://localhost:9000/__nextjs_original-stack-frames:0
[  995515ms] [ERROR] Failed to load resource: net::ERR_FAILED @ http://localhost:9000/api/rooms?sort=newest:0
[  995515ms] [ERROR] TypeError: Failed to fetch
    at fetchRooms (webpack-internal:///(app-pages-browser)/./app/rooms/page.tsx:42:23)
    at RoomsPage.useEffect (webpack-internal:///(app-pages-browser)/./app/rooms/page.tsx:104:48) @ webpack-internal:///(app-pages-browser)/./node_modules/next/dist/client/components/globals/intercept-console-error.js:49
[  995531ms] [ERROR] Failed to load resource: net::ERR_FAILED @ http://localhost:9000/__nextjs_original-stack-frames:0
[ 1000516ms] [ERROR] Failed to load resource: net::ERR_FAILED @ http://localhost:9000/api/rooms?sort=newest:0
[ 1000516ms] [ERROR] TypeError: Failed to fetch
    at fetchRooms (webpack-internal:///(app-pages-browser)/./app/rooms/page.tsx:42:23)
    at RoomsPage.useEffect (webpack-internal:///(app-pages-browser)/./app/rooms/page.tsx:104:48) @ webpack-internal:///(app-pages-browser)/./node_modules/next/dist/client/components/globals/intercept-console-error.js:49
[ 1000535ms] [ERROR] Failed to load resource: net::ERR_FAILED @ http://localhost:9000/__nextjs_original-stack-frames:0
[ 1005514ms] [ERROR] Failed to load resource: net::ERR_FAILED @ http://localhost:9000/api/rooms?sort=newest:0
[ 1005515ms] [ERROR] TypeError: Failed to fetch
    at fetchRooms (webpack-internal:///(app-pages-browser)/./app/rooms/page.tsx:42:23)
    at RoomsPage.useEffect (webpack-internal:///(app-pages-browser)/./app/rooms/page.tsx:104:48) @ webpack-internal:///(app-pages-browser)/./node_modules/next/dist/client/components/globals/intercept-console-error.js:49
[ 1005526ms] [ERROR] Failed to load resource: net::ERR_FAILED @ http://localhost:9000/__nextjs_original-stack-frames:0
[ 1010516ms] [ERROR] Failed to load resource: net::ERR_FAILED @ http://localhost:9000/api/rooms?sort=newest:0
[ 1010516ms] [ERROR] TypeError: Failed to fetch
    at fetchRooms (webpack-internal:///(app-pages-browser)/./app/rooms/page.tsx:42:23)
    at RoomsPage.useEffect (webpack-internal:///(app-pages-browser)/./app/rooms/page.tsx:104:48) @ webpack-internal:///(app-pages-browser)/./node_modules/next/dist/client/components/globals/intercept-console-error.js:49
[ 1010536ms] [ERROR] Failed to load resource: net::ERR_FAILED @ http://localhost:9000/__nextjs_original-stack-frames:0
[ 1015515ms] [ERROR] Failed to load resource: net::ERR_FAILED @ http://localhost:9000/api/rooms?sort=newest:0
[ 1015515ms] [ERROR] TypeError: Failed to fetch
    at fetchRooms (webpack-internal:///(app-pages-browser)/./app/rooms/page.tsx:42:23)
    at RoomsPage.useEffect (webpack-internal:///(app-pages-browser)/./app/rooms/page.tsx:104:48) @ webpack-internal:///(app-pages-browser)/./node_modules/next/dist/client/components/globals/intercept-console-error.js:49
[ 1015536ms] [ERROR] Failed to load resource: net::ERR_FAILED @ http://localhost:9000/__nextjs_original-stack-frames:0
[ 1020516ms] [ERROR] Failed to load resource: net::ERR_FAILED @ http://localhost:9000/api/rooms?sort=newest:0
[ 1020516ms] [ERROR] TypeError: Failed to fetch
    at fetchRooms (webpack-internal:///(app-pages-browser)/./app/rooms/page.tsx:42:23)
    at RoomsPage.useEffect (webpack-internal:///(app-pages-browser)/./app/rooms/page.tsx:104:48) @ webpack-internal:///(app-pages-browser)/./node_modules/next/dist/client/components/globals/intercept-console-error.js:49
[ 1020537ms] [ERROR] Failed to load resource: net::ERR_FAILED @ http://localhost:9000/__nextjs_original-stack-frames:0
[ 1025515ms] [ERROR] Failed to load resource: net::ERR_FAILED @ http://localhost:9000/api/rooms?sort=newest:0
[ 1025515ms] [ERROR] TypeError: Failed to fetch
    at fetchRooms (webpack-internal:///(app-pages-browser)/./app/rooms/page.tsx:42:23)
    at RoomsPage.useEffect (webpack-internal:///(app-pages-browser)/./app/rooms/page.tsx:104:48) @ webpack-internal:///(app-pages-browser)/./node_modules/next/dist/client/components/globals/intercept-console-error.js:49
[ 1025536ms] [ERROR] Failed to load resource: net::ERR_FAILED @ http://localhost:9000/__nextjs_original-stack-frames:0
[ 1030515ms] [ERROR] Failed to load resource: net::ERR_FAILED @ http://localhost:9000/api/rooms?sort=newest:0
[ 1030516ms] [ERROR] TypeError: Failed to fetch
    at fetchRooms (webpack-internal:///(app-pages-browser)/./app/rooms/page.tsx:42:23)
    at RoomsPage.useEffect (webpack-internal:///(app-pages-browser)/./app/rooms/page.tsx:104:48) @ webpack-internal:///(app-pages-browser)/./node_modules/next/dist/client/components/globals/intercept-console-error.js:49
[ 1030537ms] [ERROR] Failed to load resource: net::ERR_FAILED @ http://localhost:9000/__nextjs_original-stack-frames:0
[ 1035516ms] [ERROR] Failed to load resource: net::ERR_FAILED @ http://localhost:9000/api/rooms?sort=newest:0
[ 1035516ms] [ERROR] TypeError: Failed to fetch
    at fetchRooms (webpack-internal:///(app-pages-browser)/./app/rooms/page.tsx:42:23)
    at RoomsPage.useEffect (webpack-internal:///(app-pages-browser)/./app/rooms/page.tsx:104:48) @ webpack-internal:///(app-pages-browser)/./node_modules/next/dist/client/components/globals/intercept-console-error.js:49
[ 1035527ms] [ERROR] Failed to load resource: net::ERR_FAILED @ http://localhost:9000/__nextjs_original-stack-frames:0
[ 1040515ms] [ERROR] Failed to load resource: net::ERR_FAILED @ http://localhost:9000/api/rooms?sort=newest:0
[ 1040515ms] [ERROR] TypeError: Failed to fetch
    at fetchRooms (webpack-internal:///(app-pages-browser)/./app/rooms/page.tsx:42:23)
    at RoomsPage.useEffect (webpack-internal:///(app-pages-browser)/./app/rooms/page.tsx:104:48) @ webpack-internal:///(app-pages-browser)/./node_modules/next/dist/client/components/globals/intercept-console-error.js:49
[ 1040535ms] [ERROR] Failed to load resource: net::ERR_FAILED @ http://localhost:9000/__nextjs_original-stack-frames:0
[ 1045515ms] [ERROR] Failed to load resource: net::ERR_FAILED @ http://localhost:9000/api/rooms?sort=newest:0
[ 1045515ms] [ERROR] TypeError: Failed to fetch
    at fetchRooms (webpack-internal:///(app-pages-browser)/./app/rooms/page.tsx:42:23)
    at RoomsPage.useEffect (webpack-internal:///(app-pages-browser)/./app/rooms/page.tsx:104:48) @ webpack-internal:///(app-pages-browser)/./node_modules/next/dist/client/components/globals/intercept-console-error.js:49
[ 1045532ms] [ERROR] Failed to load resource: net::ERR_FAILED @ http://localhost:9000/__nextjs_original-stack-frames:0
[ 1050516ms] [ERROR] Failed to load resource: net::ERR_FAILED @ http://localhost:9000/api/rooms?sort=newest:0
[ 1050517ms] [ERROR] TypeError: Failed to fetch
    at fetchRooms (webpack-internal:///(app-pages-browser)/./app/rooms/page.tsx:42:23)
    at RoomsPage.useEffect (webpack-internal:///(app-pages-browser)/./app/rooms/page.tsx:104:48) @ webpack-internal:///(app-pages-browser)/./node_modules/next/dist/client/components/globals/intercept-console-error.js:49
[ 1050537ms] [ERROR] Failed to load resource: net::ERR_FAILED @ http://localhost:9000/__nextjs_original-stack-frames:0
[ 1055516ms] [ERROR] Failed to load resource: net::ERR_FAILED @ http://localhost:9000/api/rooms?sort=newest:0
[ 1055516ms] [ERROR] TypeError: Failed to fetch
    at fetchRooms (webpack-internal:///(app-pages-browser)/./app/rooms/page.tsx:42:23)
    at RoomsPage.useEffect (webpack-internal:///(app-pages-browser)/./app/rooms/page.tsx:104:48) @ webpack-internal:///(app-pages-browser)/./node_modules/next/dist/client/components/globals/intercept-console-error.js:49
[ 1055537ms] [ERROR] Failed to load resource: net::ERR_FAILED @ http://localhost:9000/__nextjs_original-stack-frames:0
[ 1060515ms] [ERROR] Failed to load resource: net::ERR_FAILED @ http://localhost:9000/api/rooms?sort=newest:0
[ 1060515ms] [ERROR] TypeError: Failed to fetch
    at fetchRooms (webpack-internal:///(app-pages-browser)/./app/rooms/page.tsx:42:23)
    at RoomsPage.useEffect (webpack-internal:///(app-pages-browser)/./app/rooms/page.tsx:104:48) @ webpack-internal:///(app-pages-browser)/./node_modules/next/dist/client/components/globals/intercept-console-error.js:49
[ 1060536ms] [ERROR] Failed to load resource: net::ERR_FAILED @ http://localhost:9000/__nextjs_original-stack-frames:0
[ 1065513ms] [ERROR] Failed to load resource: net::ERR_FAILED @ http://localhost:9000/api/rooms?sort=newest:0
[ 1065513ms] [ERROR] TypeError: Failed to fetch
    at fetchRooms (webpack-internal:///(app-pages-browser)/./app/rooms/page.tsx:42:23)
    at RoomsPage.useEffect (webpack-internal:///(app-pages-browser)/./app/rooms/page.tsx:104:48) @ webpack-internal:///(app-pages-browser)/./node_modules/next/dist/client/components/globals/intercept-console-error.js:49
[ 1065520ms] [ERROR] Failed to load resource: net::ERR_FAILED @ http://localhost:9000/__nextjs_original-stack-frames:0
[ 1070517ms] [ERROR] Failed to load resource: net::ERR_FAILED @ http://localhost:9000/api/rooms?sort=newest:0
[ 1070517ms] [ERROR] TypeError: Failed to fetch
    at fetchRooms (webpack-internal:///(app-pages-browser)/./app/rooms/page.tsx:42:23)
    at RoomsPage.useEffect (webpack-internal:///(app-pages-browser)/./app/rooms/page.tsx:104:48) @ webpack-internal:///(app-pages-browser)/./node_modules/next/dist/client/components/globals/intercept-console-error.js:49
[ 1070533ms] [ERROR] Failed to load resource: net::ERR_FAILED @ http://localhost:9000/__nextjs_original-stack-frames:0
[ 1075515ms] [ERROR] Failed to load resource: net::ERR_FAILED @ http://localhost:9000/api/rooms?sort=newest:0
[ 1075515ms] [ERROR] TypeError: Failed to fetch
    at fetchRooms (webpack-internal:///(app-pages-browser)/./app/rooms/page.tsx:42:23)
    at RoomsPage.useEffect (webpack-internal:///(app-pages-browser)/./app/rooms/page.tsx:104:48) @ webpack-internal:///(app-pages-browser)/./node_modules/next/dist/client/components/globals/intercept-console-error.js:49
[ 1075533ms] [ERROR] Failed to load resource: net::ERR_FAILED @ http://localhost:9000/__nextjs_original-stack-frames:0
[ 1080514ms] [ERROR] Failed to load resource: net::ERR_FAILED @ http://localhost:9000/api/rooms?sort=newest:0
[ 1080515ms] [ERROR] TypeError: Failed to fetch
    at fetchRooms (webpack-internal:///(app-pages-browser)/./app/rooms/page.tsx:42:23)
    at RoomsPage.useEffect (webpack-internal:///(app-pages-browser)/./app/rooms/page.tsx:104:48) @ webpack-internal:///(app-pages-browser)/./node_modules/next/dist/client/components/globals/intercept-console-error.js:49
[ 1080534ms] [ERROR] Failed to load resource: net::ERR_FAILED @ http://localhost:9000/__nextjs_original-stack-frames:0
[ 1085517ms] [ERROR] Failed to load resource: net::ERR_FAILED @ http://localhost:9000/api/rooms?sort=newest:0
[ 1085517ms] [ERROR] TypeError: Failed to fetch
    at fetchRooms (webpack-internal:///(app-pages-browser)/./app/rooms/page.tsx:42:23)
    at RoomsPage.useEffect (webpack-internal:///(app-pages-browser)/./app/rooms/page.tsx:104:48) @ webpack-internal:///(app-pages-browser)/./node_modules/next/dist/client/components/globals/intercept-console-error.js:49
[ 1085537ms] [ERROR] Failed to load resource: net::ERR_FAILED @ http://localhost:9000/__nextjs_original-stack-frames:0
[ 1090514ms] [ERROR] Failed to load resource: net::ERR_FAILED @ http://localhost:9000/api/rooms?sort=newest:0
[ 1090514ms] [ERROR] TypeError: Failed to fetch
    at fetchRooms (webpack-internal:///(app-pages-browser)/./app/rooms/page.tsx:42:23)
    at RoomsPage.useEffect (webpack-internal:///(app-pages-browser)/./app/rooms/page.tsx:104:48) @ webpack-internal:///(app-pages-browser)/./node_modules/next/dist/client/components/globals/intercept-console-error.js:49
[ 1090531ms] [ERROR] Failed to load resource: net::ERR_FAILED @ http://localhost:9000/__nextjs_original-stack-frames:0
[ 1095514ms] [ERROR] Failed to load resource: net::ERR_FAILED @ http://localhost:9000/api/rooms?sort=newest:0
[ 1095514ms] [ERROR] TypeError: Failed to fetch
    at fetchRooms (webpack-internal:///(app-pages-browser)/./app/rooms/page.tsx:42:23)
    at RoomsPage.useEffect (webpack-internal:///(app-pages-browser)/./app/rooms/page.tsx:104:48) @ webpack-internal:///(app-pages-browser)/./node_modules/next/dist/client/components/globals/intercept-console-error.js:49
[ 1095522ms] [ERROR] Failed to load resource: net::ERR_FAILED @ http://localhost:9000/__nextjs_original-stack-frames:0
[ 1100517ms] [ERROR] Failed to load resource: net::ERR_FAILED @ http://localhost:9000/api/rooms?sort=newest:0
[ 1100517ms] [ERROR] TypeError: Failed to fetch
    at fetchRooms (webpack-internal:///(app-pages-browser)/./app/rooms/page.tsx:42:23)
    at RoomsPage.useEffect (webpack-internal:///(app-pages-browser)/./app/rooms/page.tsx:104:48) @ webpack-internal:///(app-pages-browser)/./node_modules/next/dist/client/components/globals/intercept-console-error.js:49
[ 1100539ms] [ERROR] Failed to load resource: net::ERR_FAILED @ http://localhost:9000/__nextjs_original-stack-frames:0
[ 1105514ms] [ERROR] Failed to load resource: net::ERR_FAILED @ http://localhost:9000/api/rooms?sort=newest:0
[ 1105514ms] [ERROR] TypeError: Failed to fetch
    at fetchRooms (webpack-internal:///(app-pages-browser)/./app/rooms/page.tsx:42:23)
    at RoomsPage.useEffect (webpack-internal:///(app-pages-browser)/./app/rooms/page.tsx:104:48) @ webpack-internal:///(app-pages-browser)/./node_modules/next/dist/client/components/globals/intercept-console-error.js:49
[ 1105532ms] [ERROR] Failed to load resource: net::ERR_FAILED @ http://localhost:9000/__nextjs_original-stack-frames:0
[ 1110516ms] [ERROR] Failed to load resource: net::ERR_FAILED @ http://localhost:9000/api/rooms?sort=newest:0
[ 1110516ms] [ERROR] TypeError: Failed to fetch
    at fetchRooms (webpack-internal:///(app-pages-browser)/./app/rooms/page.tsx:42:23)
    at RoomsPage.useEffect (webpack-internal:///(app-pages-browser)/./app/rooms/page.tsx:104:48) @ webpack-internal:///(app-pages-browser)/./node_modules/next/dist/client/components/globals/intercept-console-error.js:49
[ 1110532ms] [ERROR] Failed to load resource: net::ERR_FAILED @ http://localhost:9000/__nextjs_original-stack-frames:0
[ 1115516ms] [ERROR] Failed to load resource: net::ERR_FAILED @ http://localhost:9000/api/rooms?sort=newest:0
[ 1115516ms] [ERROR] TypeError: Failed to fetch
    at fetchRooms (webpack-internal:///(app-pages-browser)/./app/rooms/page.tsx:42:23)
    at RoomsPage.useEffect (webpack-internal:///(app-pages-browser)/./app/rooms/page.tsx:104:48) @ webpack-internal:///(app-pages-browser)/./node_modules/next/dist/client/components/globals/intercept-console-error.js:49
[ 1115538ms] [ERROR] Failed to load resource: net::ERR_FAILED @ http://localhost:9000/__nextjs_original-stack-frames:0
[ 1120514ms] [ERROR] Failed to load resource: net::ERR_FAILED @ http://localhost:9000/api/rooms?sort=newest:0
[ 1120514ms] [ERROR] TypeError: Failed to fetch
    at fetchRooms (webpack-internal:///(app-pages-browser)/./app/rooms/page.tsx:42:23)
    at RoomsPage.useEffect (webpack-internal:///(app-pages-browser)/./app/rooms/page.tsx:104:48) @ webpack-internal:///(app-pages-browser)/./node_modules/next/dist/client/components/globals/intercept-console-error.js:49
[ 1120522ms] [ERROR] Failed to load resource: net::ERR_FAILED @ http://localhost:9000/__nextjs_original-stack-frames:0
[ 1125516ms] [ERROR] Failed to load resource: net::ERR_FAILED @ http://localhost:9000/api/rooms?sort=newest:0
[ 1125516ms] [ERROR] TypeError: Failed to fetch
    at fetchRooms (webpack-internal:///(app-pages-browser)/./app/rooms/page.tsx:42:23)
    at RoomsPage.useEffect (webpack-internal:///(app-pages-browser)/./app/rooms/page.tsx:104:48) @ webpack-internal:///(app-pages-browser)/./node_modules/next/dist/client/components/globals/intercept-console-error.js:49
[ 1125527ms] [ERROR] Failed to load resource: net::ERR_FAILED @ http://localhost:9000/__nextjs_original-stack-frames:0
[ 1130515ms] [ERROR] Failed to load resource: net::ERR_FAILED @ http://localhost:9000/api/rooms?sort=newest:0
[ 1130515ms] [ERROR] TypeError: Failed to fetch
    at fetchRooms (webpack-internal:///(app-pages-browser)/./app/rooms/page.tsx:42:23)
    at RoomsPage.useEffect (webpack-internal:///(app-pages-browser)/./app/rooms/page.tsx:104:48) @ webpack-internal:///(app-pages-browser)/./node_modules/next/dist/client/components/globals/intercept-console-error.js:49
[ 1130524ms] [ERROR] Failed to load resource: net::ERR_FAILED @ http://localhost:9000/__nextjs_original-stack-frames:0
[ 1135515ms] [ERROR] Failed to load resource: net::ERR_FAILED @ http://localhost:9000/api/rooms?sort=newest:0
[ 1135515ms] [ERROR] TypeError: Failed to fetch
    at fetchRooms (webpack-internal:///(app-pages-browser)/./app/rooms/page.tsx:42:23)
    at RoomsPage.useEffect (webpack-internal:///(app-pages-browser)/./app/rooms/page.tsx:104:48) @ webpack-internal:///(app-pages-browser)/./node_modules/next/dist/client/components/globals/intercept-console-error.js:49
[ 1135533ms] [ERROR] Failed to load resource: net::ERR_FAILED @ http://localhost:9000/__nextjs_original-stack-frames:0
[ 1140515ms] [ERROR] Failed to load resource: net::ERR_FAILED @ http://localhost:9000/api/rooms?sort=newest:0
[ 1140515ms] [ERROR] TypeError: Failed to fetch
    at fetchRooms (webpack-internal:///(app-pages-browser)/./app/rooms/page.tsx:42:23)
    at RoomsPage.useEffect (webpack-internal:///(app-pages-browser)/./app/rooms/page.tsx:104:48) @ webpack-internal:///(app-pages-browser)/./node_modules/next/dist/client/components/globals/intercept-console-error.js:49
[ 1140533ms] [ERROR] Failed to load resource: net::ERR_FAILED @ http://localhost:9000/__nextjs_original-stack-frames:0
[ 1145516ms] [ERROR] Failed to load resource: net::ERR_FAILED @ http://localhost:9000/api/rooms?sort=newest:0
[ 1145516ms] [ERROR] TypeError: Failed to fetch
    at fetchRooms (webpack-internal:///(app-pages-browser)/./app/rooms/page.tsx:42:23)
    at RoomsPage.useEffect (webpack-internal:///(app-pages-browser)/./app/rooms/page.tsx:104:48) @ webpack-internal:///(app-pages-browser)/./node_modules/next/dist/client/components/globals/intercept-console-error.js:49
[ 1145537ms] [ERROR] Failed to load resource: net::ERR_FAILED @ http://localhost:9000/__nextjs_original-stack-frames:0
[ 1150515ms] [ERROR] Failed to load resource: net::ERR_FAILED @ http://localhost:9000/api/rooms?sort=newest:0
[ 1150515ms] [ERROR] TypeError: Failed to fetch
    at fetchRooms (webpack-internal:///(app-pages-browser)/./app/rooms/page.tsx:42:23)
    at RoomsPage.useEffect (webpack-internal:///(app-pages-browser)/./app/rooms/page.tsx:104:48) @ webpack-internal:///(app-pages-browser)/./node_modules/next/dist/client/components/globals/intercept-console-error.js:49
[ 1150536ms] [ERROR] Failed to load resource: net::ERR_FAILED @ http://localhost:9000/__nextjs_original-stack-frames:0
[ 1155516ms] [ERROR] Failed to load resource: net::ERR_FAILED @ http://localhost:9000/api/rooms?sort=newest:0
[ 1155516ms] [ERROR] TypeError: Failed to fetch
    at fetchRooms (webpack-internal:///(app-pages-browser)/./app/rooms/page.tsx:42:23)
    at RoomsPage.useEffect (webpack-internal:///(app-pages-browser)/./app/rooms/page.tsx:104:48) @ webpack-internal:///(app-pages-browser)/./node_modules/next/dist/client/components/globals/intercept-console-error.js:49
[ 1155527ms] [ERROR] Failed to load resource: net::ERR_FAILED @ http://localhost:9000/__nextjs_original-stack-frames:0
[ 1160518ms] [ERROR] Failed to load resource: net::ERR_FAILED @ http://localhost:9000/api/rooms?sort=newest:0
[ 1160518ms] [ERROR] TypeError: Failed to fetch
    at fetchRooms (webpack-internal:///(app-pages-browser)/./app/rooms/page.tsx:42:23)
    at RoomsPage.useEffect (webpack-internal:///(app-pages-browser)/./app/rooms/page.tsx:104:48) @ webpack-internal:///(app-pages-browser)/./node_modules/next/dist/client/components/globals/intercept-console-error.js:49
[ 1160539ms] [ERROR] Failed to load resource: net::ERR_FAILED @ http://localhost:9000/__nextjs_original-stack-frames:0
[ 1165515ms] [ERROR] Failed to load resource: net::ERR_FAILED @ http://localhost:9000/api/rooms?sort=newest:0
[ 1165515ms] [ERROR] TypeError: Failed to fetch
    at fetchRooms (webpack-internal:///(app-pages-browser)/./app/rooms/page.tsx:42:23)
    at RoomsPage.useEffect (webpack-internal:///(app-pages-browser)/./app/rooms/page.tsx:104:48) @ webpack-internal:///(app-pages-browser)/./node_modules/next/dist/client/components/globals/intercept-console-error.js:49
[ 1165537ms] [ERROR] Failed to load resource: net::ERR_FAILED @ http://localhost:9000/__nextjs_original-stack-frames:0
[ 1170516ms] [ERROR] Failed to load resource: net::ERR_FAILED @ http://localhost:9000/api/rooms?sort=newest:0
[ 1170516ms] [ERROR] TypeError: Failed to fetch
    at fetchRooms (webpack-internal:///(app-pages-browser)/./app/rooms/page.tsx:42:23)
    at RoomsPage.useEffect (webpack-internal:///(app-pages-browser)/./app/rooms/page.tsx:104:48) @ webpack-internal:///(app-pages-browser)/./node_modules/next/dist/client/components/globals/intercept-console-error.js:49
[ 1170536ms] [ERROR] Failed to load resource: net::ERR_FAILED @ http://localhost:9000/__nextjs_original-stack-frames:0
[ 1175516ms] [ERROR] Failed to load resource: net::ERR_FAILED @ http://localhost:9000/api/rooms?sort=newest:0
[ 1175516ms] [ERROR] TypeError: Failed to fetch
    at fetchRooms (webpack-internal:///(app-pages-browser)/./app/rooms/page.tsx:42:23)
    at RoomsPage.useEffect (webpack-internal:///(app-pages-browser)/./app/rooms/page.tsx:104:48) @ webpack-internal:///(app-pages-browser)/./node_modules/next/dist/client/components/globals/intercept-console-error.js:49
[ 1175538ms] [ERROR] Failed to load resource: net::ERR_FAILED @ http://localhost:9000/__nextjs_original-stack-frames:0
[ 1180516ms] [ERROR] Failed to load resource: net::ERR_FAILED @ http://localhost:9000/api/rooms?sort=newest:0
[ 1180516ms] [ERROR] TypeError: Failed to fetch
    at fetchRooms (webpack-internal:///(app-pages-browser)/./app/rooms/page.tsx:42:23)
    at RoomsPage.useEffect (webpack-internal:///(app-pages-browser)/./app/rooms/page.tsx:104:48) @ webpack-internal:///(app-pages-browser)/./node_modules/next/dist/client/components/globals/intercept-console-error.js:49
[ 1180538ms] [ERROR] Failed to load resource: net::ERR_FAILED @ http://localhost:9000/__nextjs_original-stack-frames:0
[ 1185517ms] [ERROR] Failed to load resource: net::ERR_FAILED @ http://localhost:9000/api/rooms?sort=newest:0
[ 1185517ms] [ERROR] TypeError: Failed to fetch
    at fetchRooms (webpack-internal:///(app-pages-browser)/./app/rooms/page.tsx:42:23)
    at RoomsPage.useEffect (webpack-internal:///(app-pages-browser)/./app/rooms/page.tsx:104:48) @ webpack-internal:///(app-pages-browser)/./node_modules/next/dist/client/components/globals/intercept-console-error.js:49
[ 1185528ms] [ERROR] Failed to load resource: net::ERR_FAILED @ http://localhost:9000/__nextjs_original-stack-frames:0
[ 1190517ms] [ERROR] Failed to load resource: net::ERR_FAILED @ http://localhost:9000/api/rooms?sort=newest:0
[ 1190517ms] [ERROR] TypeError: Failed to fetch
    at fetchRooms (webpack-internal:///(app-pages-browser)/./app/rooms/page.tsx:42:23)
    at RoomsPage.useEffect (webpack-internal:///(app-pages-browser)/./app/rooms/page.tsx:104:48) @ webpack-internal:///(app-pages-browser)/./node_modules/next/dist/client/components/globals/intercept-console-error.js:49
[ 1190540ms] [ERROR] Failed to load resource: net::ERR_FAILED @ http://localhost:9000/__nextjs_original-stack-frames:0
[ 1195517ms] [ERROR] Failed to load resource: net::ERR_FAILED @ http://localhost:9000/api/rooms?sort=newest:0
[ 1195517ms] [ERROR] TypeError: Failed to fetch
    at fetchRooms (webpack-internal:///(app-pages-browser)/./app/rooms/page.tsx:42:23)
    at RoomsPage.useEffect (webpack-internal:///(app-pages-browser)/./app/rooms/page.tsx:104:48) @ webpack-internal:///(app-pages-browser)/./node_modules/next/dist/client/components/globals/intercept-console-error.js:49
[ 1195538ms] [ERROR] Failed to load resource: net::ERR_FAILED @ http://localhost:9000/__nextjs_original-stack-frames:0
[ 1200518ms] [ERROR] Failed to load resource: net::ERR_FAILED @ http://localhost:9000/api/rooms?sort=newest:0
[ 1200518ms] [ERROR] TypeError: Failed to fetch
    at fetchRooms (webpack-internal:///(app-pages-browser)/./app/rooms/page.tsx:42:23)
    at RoomsPage.useEffect (webpack-internal:///(app-pages-browser)/./app/rooms/page.tsx:104:48) @ webpack-internal:///(app-pages-browser)/./node_modules/next/dist/client/components/globals/intercept-console-error.js:49
[ 1200535ms] [ERROR] Failed to load resource: net::ERR_FAILED @ http://localhost:9000/__nextjs_original-stack-frames:0
[ 1205517ms] [ERROR] Failed to load resource: net::ERR_FAILED @ http://localhost:9000/api/rooms?sort=newest:0
[ 1205518ms] [ERROR] TypeError: Failed to fetch
    at fetchRooms (webpack-internal:///(app-pages-browser)/./app/rooms/page.tsx:42:23)
    at RoomsPage.useEffect (webpack-internal:///(app-pages-browser)/./app/rooms/page.tsx:104:48) @ webpack-internal:///(app-pages-browser)/./node_modules/next/dist/client/components/globals/intercept-console-error.js:49
[ 1205540ms] [ERROR] Failed to load resource: net::ERR_FAILED @ http://localhost:9000/__nextjs_original-stack-frames:0
[ 1210517ms] [ERROR] Failed to load resource: net::ERR_FAILED @ http://localhost:9000/api/rooms?sort=newest:0
[ 1210517ms] [ERROR] TypeError: Failed to fetch
    at fetchRooms (webpack-internal:///(app-pages-browser)/./app/rooms/page.tsx:42:23)
    at RoomsPage.useEffect (webpack-internal:///(app-pages-browser)/./app/rooms/page.tsx:104:48) @ webpack-internal:///(app-pages-browser)/./node_modules/next/dist/client/components/globals/intercept-console-error.js:49
[ 1210539ms] [ERROR] Failed to load resource: net::ERR_FAILED @ http://localhost:9000/__nextjs_original-stack-frames:0
[ 1215517ms] [ERROR] Failed to load resource: net::ERR_FAILED @ http://localhost:9000/api/rooms?sort=newest:0
[ 1215517ms] [ERROR] TypeError: Failed to fetch
    at fetchRooms (webpack-internal:///(app-pages-browser)/./app/rooms/page.tsx:42:23)
    at RoomsPage.useEffect (webpack-internal:///(app-pages-browser)/./app/rooms/page.tsx:104:48) @ webpack-internal:///(app-pages-browser)/./node_modules/next/dist/client/components/globals/intercept-console-error.js:49
[ 1215527ms] [ERROR] Failed to load resource: net::ERR_FAILED @ http://localhost:9000/__nextjs_original-stack-frames:0
[ 1220518ms] [ERROR] Failed to load resource: net::ERR_FAILED @ http://localhost:9000/api/rooms?sort=newest:0
[ 1220518ms] [ERROR] TypeError: Failed to fetch
    at fetchRooms (webpack-internal:///(app-pages-browser)/./app/rooms/page.tsx:42:23)
    at RoomsPage.useEffect (webpack-internal:///(app-pages-browser)/./app/rooms/page.tsx:104:48) @ webpack-internal:///(app-pages-browser)/./node_modules/next/dist/client/components/globals/intercept-console-error.js:49
[ 1220540ms] [ERROR] Failed to load resource: net::ERR_FAILED @ http://localhost:9000/__nextjs_original-stack-frames:0
[ 1225516ms] [ERROR] Failed to load resource: net::ERR_FAILED @ http://localhost:9000/api/rooms?sort=newest:0
[ 1225516ms] [ERROR] TypeError: Failed to fetch
    at fetchRooms (webpack-internal:///(app-pages-browser)/./app/rooms/page.tsx:42:23)
    at RoomsPage.useEffect (webpack-internal:///(app-pages-browser)/./app/rooms/page.tsx:104:48) @ webpack-internal:///(app-pages-browser)/./node_modules/next/dist/client/components/globals/intercept-console-error.js:49
[ 1225539ms] [ERROR] Failed to load resource: net::ERR_FAILED @ http://localhost:9000/__nextjs_original-stack-frames:0
[ 1230518ms] [ERROR] Failed to load resource: net::ERR_FAILED @ http://localhost:9000/api/rooms?sort=newest:0
[ 1230518ms] [ERROR] TypeError: Failed to fetch
    at fetchRooms (webpack-internal:///(app-pages-browser)/./app/rooms/page.tsx:42:23)
    at RoomsPage.useEffect (webpack-internal:///(app-pages-browser)/./app/rooms/page.tsx:104:48) @ webpack-internal:///(app-pages-browser)/./node_modules/next/dist/client/components/globals/intercept-console-error.js:49
[ 1230540ms] [ERROR] Failed to load resource: net::ERR_FAILED @ http://localhost:9000/__nextjs_original-stack-frames:0
[ 1235518ms] [ERROR] Failed to load resource: net::ERR_FAILED @ http://localhost:9000/api/rooms?sort=newest:0
[ 1235518ms] [ERROR] TypeError: Failed to fetch
    at fetchRooms (webpack-internal:///(app-pages-browser)/./app/rooms/page.tsx:42:23)
    at RoomsPage.useEffect (webpack-internal:///(app-pages-browser)/./app/rooms/page.tsx:104:48) @ webpack-internal:///(app-pages-browser)/./node_modules/next/dist/client/components/globals/intercept-console-error.js:49
[ 1235541ms] [ERROR] Failed to load resource: net::ERR_FAILED @ http://localhost:9000/__nextjs_original-stack-frames:0
[ 1240519ms] [ERROR] Failed to load resource: net::ERR_FAILED @ http://localhost:9000/api/rooms?sort=newest:0
[ 1240519ms] [ERROR] TypeError: Failed to fetch
    at fetchRooms (webpack-internal:///(app-pages-browser)/./app/rooms/page.tsx:42:23)
    at RoomsPage.useEffect (webpack-internal:///(app-pages-browser)/./app/rooms/page.tsx:104:48) @ webpack-internal:///(app-pages-browser)/./node_modules/next/dist/client/components/globals/intercept-console-error.js:49
[ 1240536ms] [ERROR] Failed to load resource: net::ERR_FAILED @ http://localhost:9000/__nextjs_original-stack-frames:0
[ 1245516ms] [ERROR] Failed to load resource: net::ERR_FAILED @ http://localhost:9000/api/rooms?sort=newest:0
[ 1245516ms] [ERROR] TypeError: Failed to fetch
    at fetchRooms (webpack-internal:///(app-pages-browser)/./app/rooms/page.tsx:42:23)
    at RoomsPage.useEffect (webpack-internal:///(app-pages-browser)/./app/rooms/page.tsx:104:48) @ webpack-internal:///(app-pages-browser)/./node_modules/next/dist/client/components/globals/intercept-console-error.js:49
[ 1245527ms] [ERROR] Failed to load resource: net::ERR_FAILED @ http://localhost:9000/__nextjs_original-stack-frames:0
[ 1250517ms] [ERROR] Failed to load resource: net::ERR_FAILED @ http://localhost:9000/api/rooms?sort=newest:0
[ 1250518ms] [ERROR] TypeError: Failed to fetch
    at fetchRooms (webpack-internal:///(app-pages-browser)/./app/rooms/page.tsx:42:23)
    at RoomsPage.useEffect (webpack-internal:///(app-pages-browser)/./app/rooms/page.tsx:104:48) @ webpack-internal:///(app-pages-browser)/./node_modules/next/dist/client/components/globals/intercept-console-error.js:49
[ 1250540ms] [ERROR] Failed to load resource: net::ERR_FAILED @ http://localhost:9000/__nextjs_original-stack-frames:0
[ 1255517ms] [ERROR] Failed to load resource: net::ERR_FAILED @ http://localhost:9000/api/rooms?sort=newest:0
[ 1255517ms] [ERROR] TypeError: Failed to fetch
    at fetchRooms (webpack-internal:///(app-pages-browser)/./app/rooms/page.tsx:42:23)
    at RoomsPage.useEffect (webpack-internal:///(app-pages-browser)/./app/rooms/page.tsx:104:48) @ webpack-internal:///(app-pages-browser)/./node_modules/next/dist/client/components/globals/intercept-console-error.js:49
[ 1255539ms] [ERROR] Failed to load resource: net::ERR_FAILED @ http://localhost:9000/__nextjs_original-stack-frames:0
[ 1260517ms] [ERROR] Failed to load resource: net::ERR_FAILED @ http://localhost:9000/api/rooms?sort=newest:0
[ 1260518ms] [ERROR] TypeError: Failed to fetch
    at fetchRooms (webpack-internal:///(app-pages-browser)/./app/rooms/page.tsx:42:23)
    at RoomsPage.useEffect (webpack-internal:///(app-pages-browser)/./app/rooms/page.tsx:104:48) @ webpack-internal:///(app-pages-browser)/./node_modules/next/dist/client/components/globals/intercept-console-error.js:49
[ 1260540ms] [ERROR] Failed to load resource: net::ERR_FAILED @ http://localhost:9000/__nextjs_original-stack-frames:0
[ 1265517ms] [ERROR] Failed to load resource: net::ERR_FAILED @ http://localhost:9000/api/rooms?sort=newest:0
[ 1265518ms] [ERROR] TypeError: Failed to fetch
    at fetchRooms (webpack-internal:///(app-pages-browser)/./app/rooms/page.tsx:42:23)
    at RoomsPage.useEffect (webpack-internal:///(app-pages-browser)/./app/rooms/page.tsx:104:48) @ webpack-internal:///(app-pages-browser)/./node_modules/next/dist/client/components/globals/intercept-console-error.js:49
[ 1265540ms] [ERROR] Failed to load resource: net::ERR_FAILED @ http://localhost:9000/__nextjs_original-stack-frames:0
[ 1270518ms] [ERROR] Failed to load resource: net::ERR_FAILED @ http://localhost:9000/api/rooms?sort=newest:0
[ 1270518ms] [ERROR] TypeError: Failed to fetch
    at fetchRooms (webpack-internal:///(app-pages-browser)/./app/rooms/page.tsx:42:23)
    at RoomsPage.useEffect (webpack-internal:///(app-pages-browser)/./app/rooms/page.tsx:104:48) @ webpack-internal:///(app-pages-browser)/./node_modules/next/dist/client/components/globals/intercept-console-error.js:49
[ 1270541ms] [ERROR] Failed to load resource: net::ERR_FAILED @ http://localhost:9000/__nextjs_original-stack-frames:0
[ 1275515ms] [ERROR] Failed to load resource: net::ERR_FAILED @ http://localhost:9000/api/rooms?sort=newest:0
[ 1275516ms] [ERROR] TypeError: Failed to fetch
    at fetchRooms (webpack-internal:///(app-pages-browser)/./app/rooms/page.tsx:42:23)
    at RoomsPage.useEffect (webpack-internal:///(app-pages-browser)/./app/rooms/page.tsx:104:48) @ webpack-internal:///(app-pages-browser)/./node_modules/next/dist/client/components/globals/intercept-console-error.js:49
[ 1275526ms] [ERROR] Failed to load resource: net::ERR_FAILED @ http://localhost:9000/__nextjs_original-stack-frames:0
[ 1280517ms] [ERROR] Failed to load resource: net::ERR_FAILED @ http://localhost:9000/api/rooms?sort=newest:0
[ 1280517ms] [ERROR] TypeError: Failed to fetch
    at fetchRooms (webpack-internal:///(app-pages-browser)/./app/rooms/page.tsx:42:23)
    at RoomsPage.useEffect (webpack-internal:///(app-pages-browser)/./app/rooms/page.tsx:104:48) @ webpack-internal:///(app-pages-browser)/./node_modules/next/dist/client/components/globals/intercept-console-error.js:49
[ 1280540ms] [ERROR] Failed to load resource: net::ERR_FAILED @ http://localhost:9000/__nextjs_original-stack-frames:0
[ 1285516ms] [ERROR] Failed to load resource: net::ERR_FAILED @ http://localhost:9000/api/rooms?sort=newest:0
[ 1285517ms] [ERROR] TypeError: Failed to fetch
    at fetchRooms (webpack-internal:///(app-pages-browser)/./app/rooms/page.tsx:42:23)
    at RoomsPage.useEffect (webpack-internal:///(app-pages-browser)/./app/rooms/page.tsx:104:48) @ webpack-internal:///(app-pages-browser)/./node_modules/next/dist/client/components/globals/intercept-console-error.js:49
[ 1285538ms] [ERROR] Failed to load resource: net::ERR_FAILED @ http://localhost:9000/__nextjs_original-stack-frames:0
[ 1290517ms] [ERROR] Failed to load resource: net::ERR_FAILED @ http://localhost:9000/api/rooms?sort=newest:0
[ 1290518ms] [ERROR] TypeError: Failed to fetch
    at fetchRooms (webpack-internal:///(app-pages-browser)/./app/rooms/page.tsx:42:23)
    at RoomsPage.useEffect (webpack-internal:///(app-pages-browser)/./app/rooms/page.tsx:104:48) @ webpack-internal:///(app-pages-browser)/./node_modules/next/dist/client/components/globals/intercept-console-error.js:49
[ 1290540ms] [ERROR] Failed to load resource: net::ERR_FAILED @ http://localhost:9000/__nextjs_original-stack-frames:0
[ 1295516ms] [ERROR] Failed to load resource: net::ERR_FAILED @ http://localhost:9000/api/rooms?sort=newest:0
[ 1295516ms] [ERROR] TypeError: Failed to fetch
    at fetchRooms (webpack-internal:///(app-pages-browser)/./app/rooms/page.tsx:42:23)
    at RoomsPage.useEffect (webpack-internal:///(app-pages-browser)/./app/rooms/page.tsx:104:48) @ webpack-internal:///(app-pages-browser)/./node_modules/next/dist/client/components/globals/intercept-console-error.js:49
[ 1295539ms] [ERROR] Failed to load resource: net::ERR_FAILED @ http://localhost:9000/__nextjs_original-stack-frames:0
[ 1300519ms] [ERROR] Failed to load resource: net::ERR_FAILED @ http://localhost:9000/api/rooms?sort=newest:0
[ 1300519ms] [ERROR] TypeError: Failed to fetch
    at fetchRooms (webpack-internal:///(app-pages-browser)/./app/rooms/page.tsx:42:23)
    at RoomsPage.useEffect (webpack-internal:///(app-pages-browser)/./app/rooms/page.tsx:104:48) @ webpack-internal:///(app-pages-browser)/./node_modules/next/dist/client/components/globals/intercept-console-error.js:49
[ 1300541ms] [ERROR] Failed to load resource: net::ERR_FAILED @ http://localhost:9000/__nextjs_original-stack-frames:0
[ 1305515ms] [ERROR] Failed to load resource: net::ERR_FAILED @ http://localhost:9000/api/rooms?sort=newest:0
[ 1305515ms] [ERROR] TypeError: Failed to fetch
    at fetchRooms (webpack-internal:///(app-pages-browser)/./app/rooms/page.tsx:42:23)
    at RoomsPage.useEffect (webpack-internal:///(app-pages-browser)/./app/rooms/page.tsx:104:48) @ webpack-internal:///(app-pages-browser)/./node_modules/next/dist/client/components/globals/intercept-console-error.js:49
[ 1305526ms] [ERROR] Failed to load resource: net::ERR_FAILED @ http://localhost:9000/__nextjs_original-stack-frames:0
[ 1310517ms] [ERROR] Failed to load resource: net::ERR_FAILED @ http://localhost:9000/api/rooms?sort=newest:0
[ 1310517ms] [ERROR] TypeError: Failed to fetch
    at fetchRooms (webpack-internal:///(app-pages-browser)/./app/rooms/page.tsx:42:23)
    at RoomsPage.useEffect (webpack-internal:///(app-pages-browser)/./app/rooms/page.tsx:104:48) @ webpack-internal:///(app-pages-browser)/./node_modules/next/dist/client/components/globals/intercept-console-error.js:49
[ 1310538ms] [ERROR] Failed to load resource: net::ERR_FAILED @ http://localhost:9000/__nextjs_original-stack-frames:0
[ 1315516ms] [ERROR] Failed to load resource: net::ERR_FAILED @ http://localhost:9000/api/rooms?sort=newest:0
[ 1315516ms] [ERROR] TypeError: Failed to fetch
    at fetchRooms (webpack-internal:///(app-pages-browser)/./app/rooms/page.tsx:42:23)
    at RoomsPage.useEffect (webpack-internal:///(app-pages-browser)/./app/rooms/page.tsx:104:48) @ webpack-internal:///(app-pages-browser)/./node_modules/next/dist/client/components/globals/intercept-console-error.js:49
[ 1315538ms] [ERROR] Failed to load resource: net::ERR_FAILED @ http://localhost:9000/__nextjs_original-stack-frames:0
[ 1320517ms] [ERROR] Failed to load resource: net::ERR_FAILED @ http://localhost:9000/api/rooms?sort=newest:0
[ 1320517ms] [ERROR] TypeError: Failed to fetch
    at fetchRooms (webpack-internal:///(app-pages-browser)/./app/rooms/page.tsx:42:23)
    at RoomsPage.useEffect (webpack-internal:///(app-pages-browser)/./app/rooms/page.tsx:104:48) @ webpack-internal:///(app-pages-browser)/./node_modules/next/dist/client/components/globals/intercept-console-error.js:49
[ 1320540ms] [ERROR] Failed to load resource: net::ERR_FAILED @ http://localhost:9000/__nextjs_original-stack-frames:0
[ 1325516ms] [ERROR] Failed to load resource: net::ERR_FAILED @ http://localhost:9000/api/rooms?sort=newest:0
[ 1325516ms] [ERROR] TypeError: Failed to fetch
    at fetchRooms (webpack-internal:///(app-pages-browser)/./app/rooms/page.tsx:42:23)
    at RoomsPage.useEffect (webpack-internal:///(app-pages-browser)/./app/rooms/page.tsx:104:48) @ webpack-internal:///(app-pages-browser)/./node_modules/next/dist/client/components/globals/intercept-console-error.js:49
[ 1325539ms] [ERROR] Failed to load resource: net::ERR_FAILED @ http://localhost:9000/__nextjs_original-stack-frames:0
[ 1330517ms] [ERROR] Failed to load resource: net::ERR_FAILED @ http://localhost:9000/api/rooms?sort=newest:0
[ 1330517ms] [ERROR] TypeError: Failed to fetch
    at fetchRooms (webpack-internal:///(app-pages-browser)/./app/rooms/page.tsx:42:23)
    at RoomsPage.useEffect (webpack-internal:///(app-pages-browser)/./app/rooms/page.tsx:104:48) @ webpack-internal:///(app-pages-browser)/./node_modules/next/dist/client/components/globals/intercept-console-error.js:49
[ 1330539ms] [ERROR] Failed to load resource: net::ERR_FAILED @ http://localhost:9000/__nextjs_original-stack-frames:0
[ 1335515ms] [ERROR] Failed to load resource: net::ERR_FAILED @ http://localhost:9000/api/rooms?sort=newest:0
[ 1335515ms] [ERROR] TypeError: Failed to fetch
    at fetchRooms (webpack-internal:///(app-pages-browser)/./app/rooms/page.tsx:42:23)
    at RoomsPage.useEffect (webpack-internal:///(app-pages-browser)/./app/rooms/page.tsx:104:48) @ webpack-internal:///(app-pages-browser)/./node_modules/next/dist/client/components/globals/intercept-console-error.js:49
[ 1335527ms] [ERROR] Failed to load resource: net::ERR_FAILED @ http://localhost:9000/__nextjs_original-stack-frames:0
[ 1340516ms] [ERROR] Failed to load resource: net::ERR_FAILED @ http://localhost:9000/api/rooms?sort=newest:0
[ 1340516ms] [ERROR] TypeError: Failed to fetch
    at fetchRooms (webpack-internal:///(app-pages-browser)/./app/rooms/page.tsx:42:23)
    at RoomsPage.useEffect (webpack-internal:///(app-pages-browser)/./app/rooms/page.tsx:104:48) @ webpack-internal:///(app-pages-browser)/./node_modules/next/dist/client/components/globals/intercept-console-error.js:49
[ 1340539ms] [ERROR] Failed to load resource: net::ERR_FAILED @ http://localhost:9000/__nextjs_original-stack-frames:0
[ 1345516ms] [ERROR] Failed to load resource: net::ERR_FAILED @ http://localhost:9000/api/rooms?sort=newest:0
[ 1345516ms] [ERROR] TypeError: Failed to fetch
    at fetchRooms (webpack-internal:///(app-pages-browser)/./app/rooms/page.tsx:42:23)
    at RoomsPage.useEffect (webpack-internal:///(app-pages-browser)/./app/rooms/page.tsx:104:48) @ webpack-internal:///(app-pages-browser)/./node_modules/next/dist/client/components/globals/intercept-console-error.js:49
[ 1345536ms] [ERROR] Failed to load resource: net::ERR_FAILED @ http://localhost:9000/__nextjs_original-stack-frames:0
[ 1350516ms] [ERROR] Failed to load resource: net::ERR_FAILED @ http://localhost:9000/api/rooms?sort=newest:0
[ 1350516ms] [ERROR] TypeError: Failed to fetch
    at fetchRooms (webpack-internal:///(app-pages-browser)/./app/rooms/page.tsx:42:23)
    at RoomsPage.useEffect (webpack-internal:///(app-pages-browser)/./app/rooms/page.tsx:104:48) @ webpack-internal:///(app-pages-browser)/./node_modules/next/dist/client/components/globals/intercept-console-error.js:49
[ 1350538ms] [ERROR] Failed to load resource: net::ERR_FAILED @ http://localhost:9000/__nextjs_original-stack-frames:0
[ 1355514ms] [ERROR] Failed to load resource: net::ERR_FAILED @ http://localhost:9000/api/rooms?sort=newest:0
[ 1355515ms] [ERROR] TypeError: Failed to fetch
    at fetchRooms (webpack-internal:///(app-pages-browser)/./app/rooms/page.tsx:42:23)
    at RoomsPage.useEffect (webpack-internal:///(app-pages-browser)/./app/rooms/page.tsx:104:48) @ webpack-internal:///(app-pages-browser)/./node_modules/next/dist/client/components/globals/intercept-console-error.js:49
[ 1355534ms] [ERROR] Failed to load resource: net::ERR_FAILED @ http://localhost:9000/__nextjs_original-stack-frames:0
[ 1360518ms] [ERROR] Failed to load resource: net::ERR_FAILED @ http://localhost:9000/api/rooms?sort=newest:0
[ 1360518ms] [ERROR] TypeError: Failed to fetch
    at fetchRooms (webpack-internal:///(app-pages-browser)/./app/rooms/page.tsx:42:23)
    at RoomsPage.useEffect (webpack-internal:///(app-pages-browser)/./app/rooms/page.tsx:104:48) @ webpack-internal:///(app-pages-browser)/./node_modules/next/dist/client/components/globals/intercept-console-error.js:49
[ 1360540ms] [ERROR] Failed to load resource: net::ERR_FAILED @ http://localhost:9000/__nextjs_original-stack-frames:0
[ 1365515ms] [ERROR] Failed to load resource: net::ERR_FAILED @ http://localhost:9000/api/rooms?sort=newest:0
[ 1365516ms] [ERROR] TypeError: Failed to fetch
    at fetchRooms (webpack-internal:///(app-pages-browser)/./app/rooms/page.tsx:42:23)
    at RoomsPage.useEffect (webpack-internal:///(app-pages-browser)/./app/rooms/page.tsx:104:48) @ webpack-internal:///(app-pages-browser)/./node_modules/next/dist/client/components/globals/intercept-console-error.js:49
[ 1365525ms] [ERROR] Failed to load resource: net::ERR_FAILED @ http://localhost:9000/__nextjs_original-stack-frames:0
[ 1370516ms] [ERROR] Failed to load resource: net::ERR_FAILED @ http://localhost:9000/api/rooms?sort=newest:0
[ 1370516ms] [ERROR] TypeError: Failed to fetch
    at fetchRooms (webpack-internal:///(app-pages-browser)/./app/rooms/page.tsx:42:23)
    at RoomsPage.useEffect (webpack-internal:///(app-pages-browser)/./app/rooms/page.tsx:104:48) @ webpack-internal:///(app-pages-browser)/./node_modules/next/dist/client/components/globals/intercept-console-error.js:49
[ 1370538ms] [ERROR] Failed to load resource: net::ERR_FAILED @ http://localhost:9000/__nextjs_original-stack-frames:0
[ 1375516ms] [ERROR] Failed to load resource: net::ERR_FAILED @ http://localhost:9000/api/rooms?sort=newest:0
[ 1375517ms] [ERROR] TypeError: Failed to fetch
    at fetchRooms (webpack-internal:///(app-pages-browser)/./app/rooms/page.tsx:42:23)
    at RoomsPage.useEffect (webpack-internal:///(app-pages-browser)/./app/rooms/page.tsx:104:48) @ webpack-internal:///(app-pages-browser)/./node_modules/next/dist/client/components/globals/intercept-console-error.js:49
[ 1375538ms] [ERROR] Failed to load resource: net::ERR_FAILED @ http://localhost:9000/__nextjs_original-stack-frames:0
[ 1380515ms] [ERROR] Failed to load resource: net::ERR_FAILED @ http://localhost:9000/api/rooms?sort=newest:0
[ 1380515ms] [ERROR] TypeError: Failed to fetch
    at fetchRooms (webpack-internal:///(app-pages-browser)/./app/rooms/page.tsx:42:23)
    at RoomsPage.useEffect (webpack-internal:///(app-pages-browser)/./app/rooms/page.tsx:104:48) @ webpack-internal:///(app-pages-browser)/./node_modules/next/dist/client/components/globals/intercept-console-error.js:49
[ 1380527ms] [ERROR] Failed to load resource: net::ERR_FAILED @ http://localhost:9000/__nextjs_original-stack-frames:0
[ 1385516ms] [ERROR] Failed to load resource: net::ERR_FAILED @ http://localhost:9000/api/rooms?sort=newest:0
[ 1385516ms] [ERROR] TypeError: Failed to fetch
    at fetchRooms (webpack-internal:///(app-pages-browser)/./app/rooms/page.tsx:42:23)
    at RoomsPage.useEffect (webpack-internal:///(app-pages-browser)/./app/rooms/page.tsx:104:48) @ webpack-internal:///(app-pages-browser)/./node_modules/next/dist/client/components/globals/intercept-console-error.js:49
[ 1385535ms] [ERROR] Failed to load resource: net::ERR_FAILED @ http://localhost:9000/__nextjs_original-stack-frames:0
[ 1390517ms] [ERROR] Failed to load resource: net::ERR_FAILED @ http://localhost:9000/api/rooms?sort=newest:0
[ 1390517ms] [ERROR] TypeError: Failed to fetch
    at fetchRooms (webpack-internal:///(app-pages-browser)/./app/rooms/page.tsx:42:23)
    at RoomsPage.useEffect (webpack-internal:///(app-pages-browser)/./app/rooms/page.tsx:104:48) @ webpack-internal:///(app-pages-browser)/./node_modules/next/dist/client/components/globals/intercept-console-error.js:49
[ 1390538ms] [ERROR] Failed to load resource: net::ERR_FAILED @ http://localhost:9000/__nextjs_original-stack-frames:0
[ 1395517ms] [ERROR] Failed to load resource: net::ERR_FAILED @ http://localhost:9000/api/rooms?sort=newest:0
[ 1395517ms] [ERROR] TypeError: Failed to fetch
    at fetchRooms (webpack-internal:///(app-pages-browser)/./app/rooms/page.tsx:42:23)
    at RoomsPage.useEffect (webpack-internal:///(app-pages-browser)/./app/rooms/page.tsx:104:48) @ webpack-internal:///(app-pages-browser)/./node_modules/next/dist/client/components/globals/intercept-console-error.js:49
[ 1395528ms] [ERROR] Failed to load resource: net::ERR_FAILED @ http://localhost:9000/__nextjs_original-stack-frames:0
[ 1400517ms] [ERROR] Failed to load resource: net::ERR_FAILED @ http://localhost:9000/api/rooms?sort=newest:0
[ 1400517ms] [ERROR] TypeError: Failed to fetch
    at fetchRooms (webpack-internal:///(app-pages-browser)/./app/rooms/page.tsx:42:23)
    at RoomsPage.useEffect (webpack-internal:///(app-pages-browser)/./app/rooms/page.tsx:104:48) @ webpack-internal:///(app-pages-browser)/./node_modules/next/dist/client/components/globals/intercept-console-error.js:49
[ 1400539ms] [ERROR] Failed to load resource: net::ERR_FAILED @ http://localhost:9000/__nextjs_original-stack-frames:0
[ 1405517ms] [ERROR] Failed to load resource: net::ERR_FAILED @ http://localhost:9000/api/rooms?sort=newest:0
[ 1405518ms] [ERROR] TypeError: Failed to fetch
    at fetchRooms (webpack-internal:///(app-pages-browser)/./app/rooms/page.tsx:42:23)
    at RoomsPage.useEffect (webpack-internal:///(app-pages-browser)/./app/rooms/page.tsx:104:48) @ webpack-internal:///(app-pages-browser)/./node_modules/next/dist/client/components/globals/intercept-console-error.js:49
[ 1405539ms] [ERROR] Failed to load resource: net::ERR_FAILED @ http://localhost:9000/__nextjs_original-stack-frames:0
[ 1410517ms] [ERROR] Failed to load resource: net::ERR_FAILED @ http://localhost:9000/api/rooms?sort=newest:0
[ 1410517ms] [ERROR] TypeError: Failed to fetch
    at fetchRooms (webpack-internal:///(app-pages-browser)/./app/rooms/page.tsx:42:23)
    at RoomsPage.useEffect (webpack-internal:///(app-pages-browser)/./app/rooms/page.tsx:104:48) @ webpack-internal:///(app-pages-browser)/./node_modules/next/dist/client/components/globals/intercept-console-error.js:49
[ 1410537ms] [ERROR] Failed to load resource: net::ERR_FAILED @ http://localhost:9000/__nextjs_original-stack-frames:0
[ 1415519ms] [ERROR] Failed to load resource: net::ERR_FAILED @ http://localhost:9000/api/rooms?sort=newest:0
[ 1415519ms] [ERROR] TypeError: Failed to fetch
    at fetchRooms (webpack-internal:///(app-pages-browser)/./app/rooms/page.tsx:42:23)
    at RoomsPage.useEffect (webpack-internal:///(app-pages-browser)/./app/rooms/page.tsx:104:48) @ webpack-internal:///(app-pages-browser)/./node_modules/next/dist/client/components/globals/intercept-console-error.js:49
[ 1415538ms] [ERROR] Failed to load resource: net::ERR_FAILED @ http://localhost:9000/__nextjs_original-stack-frames:0
[ 1420518ms] [ERROR] Failed to load resource: net::ERR_FAILED @ http://localhost:9000/api/rooms?sort=newest:0
[ 1420519ms] [ERROR] TypeError: Failed to fetch
    at fetchRooms (webpack-internal:///(app-pages-browser)/./app/rooms/page.tsx:42:23)
    at RoomsPage.useEffect (webpack-internal:///(app-pages-browser)/./app/rooms/page.tsx:104:48) @ webpack-internal:///(app-pages-browser)/./node_modules/next/dist/client/components/globals/intercept-console-error.js:49
[ 1420541ms] [ERROR] Failed to load resource: net::ERR_FAILED @ http://localhost:9000/__nextjs_original-stack-frames:0
[ 1425515ms] [ERROR] Failed to load resource: net::ERR_FAILED @ http://localhost:9000/api/rooms?sort=newest:0
[ 1425516ms] [ERROR] TypeError: Failed to fetch
    at fetchRooms (webpack-internal:///(app-pages-browser)/./app/rooms/page.tsx:42:23)
    at RoomsPage.useEffect (webpack-internal:///(app-pages-browser)/./app/rooms/page.tsx:104:48) @ webpack-internal:///(app-pages-browser)/./node_modules/next/dist/client/components/globals/intercept-console-error.js:49
[ 1425525ms] [ERROR] Failed to load resource: net::ERR_FAILED @ http://localhost:9000/__nextjs_original-stack-frames:0
[ 1430516ms] [ERROR] Failed to load resource: net::ERR_FAILED @ http://localhost:9000/api/rooms?sort=newest:0
[ 1430516ms] [ERROR] TypeError: Failed to fetch
    at fetchRooms (webpack-internal:///(app-pages-browser)/./app/rooms/page.tsx:42:23)
    at RoomsPage.useEffect (webpack-internal:///(app-pages-browser)/./app/rooms/page.tsx:104:48) @ webpack-internal:///(app-pages-browser)/./node_modules/next/dist/client/components/globals/intercept-console-error.js:49
[ 1430537ms] [ERROR] Failed to load resource: net::ERR_FAILED @ http://localhost:9000/__nextjs_original-stack-frames:0
[ 1435515ms] [ERROR] Failed to load resource: net::ERR_FAILED @ http://localhost:9000/api/rooms?sort=newest:0
[ 1435516ms] [ERROR] TypeError: Failed to fetch
    at fetchRooms (webpack-internal:///(app-pages-browser)/./app/rooms/page.tsx:42:23)
    at RoomsPage.useEffect (webpack-internal:///(app-pages-browser)/./app/rooms/page.tsx:104:48) @ webpack-internal:///(app-pages-browser)/./node_modules/next/dist/client/components/globals/intercept-console-error.js:49
[ 1435536ms] [ERROR] Failed to load resource: net::ERR_FAILED @ http://localhost:9000/__nextjs_original-stack-frames:0
[ 1440518ms] [ERROR] Failed to load resource: net::ERR_FAILED @ http://localhost:9000/api/rooms?sort=newest:0
[ 1440518ms] [ERROR] TypeError: Failed to fetch
    at fetchRooms (webpack-internal:///(app-pages-browser)/./app/rooms/page.tsx:42:23)
    at RoomsPage.useEffect (webpack-internal:///(app-pages-browser)/./app/rooms/page.tsx:104:48) @ webpack-internal:///(app-pages-browser)/./node_modules/next/dist/client/components/globals/intercept-console-error.js:49
[ 1440538ms] [ERROR] Failed to load resource: net::ERR_FAILED @ http://localhost:9000/__nextjs_original-stack-frames:0
[ 1445517ms] [ERROR] Failed to load resource: net::ERR_FAILED @ http://localhost:9000/api/rooms?sort=newest:0
[ 1445517ms] [ERROR] TypeError: Failed to fetch
    at fetchRooms (webpack-internal:///(app-pages-browser)/./app/rooms/page.tsx:42:23)
    at RoomsPage.useEffect (webpack-internal:///(app-pages-browser)/./app/rooms/page.tsx:104:48) @ webpack-internal:///(app-pages-browser)/./node_modules/next/dist/client/components/globals/intercept-console-error.js:49
[ 1445540ms] [ERROR] Failed to load resource: net::ERR_FAILED @ http://localhost:9000/__nextjs_original-stack-frames:0
[ 1450519ms] [ERROR] Failed to load resource: net::ERR_FAILED @ http://localhost:9000/api/rooms?sort=newest:0
[ 1450519ms] [ERROR] TypeError: Failed to fetch
    at fetchRooms (webpack-internal:///(app-pages-browser)/./app/rooms/page.tsx:42:23)
    at RoomsPage.useEffect (webpack-internal:///(app-pages-browser)/./app/rooms/page.tsx:104:48) @ webpack-internal:///(app-pages-browser)/./node_modules/next/dist/client/components/globals/intercept-console-error.js:49
[ 1450541ms] [ERROR] Failed to load resource: net::ERR_FAILED @ http://localhost:9000/__nextjs_original-stack-frames:0
[ 1455516ms] [ERROR] Failed to load resource: net::ERR_FAILED @ http://localhost:9000/api/rooms?sort=newest:0
[ 1455516ms] [ERROR] TypeError: Failed to fetch
    at fetchRooms (webpack-internal:///(app-pages-browser)/./app/rooms/page.tsx:42:23)
    at RoomsPage.useEffect (webpack-internal:///(app-pages-browser)/./app/rooms/page.tsx:104:48) @ webpack-internal:///(app-pages-browser)/./node_modules/next/dist/client/components/globals/intercept-console-error.js:49
[ 1455526ms] [ERROR] Failed to load resource: net::ERR_FAILED @ http://localhost:9000/__nextjs_original-stack-frames:0
[ 1460518ms] [ERROR] Failed to load resource: net::ERR_FAILED @ http://localhost:9000/api/rooms?sort=newest:0
[ 1460519ms] [ERROR] TypeError: Failed to fetch
    at fetchRooms (webpack-internal:///(app-pages-browser)/./app/rooms/page.tsx:42:23)
    at RoomsPage.useEffect (webpack-internal:///(app-pages-browser)/./app/rooms/page.tsx:104:48) @ webpack-internal:///(app-pages-browser)/./node_modules/next/dist/client/components/globals/intercept-console-error.js:49
[ 1460542ms] [ERROR] Failed to load resource: net::ERR_FAILED @ http://localhost:9000/__nextjs_original-stack-frames:0
[ 1465516ms] [ERROR] Failed to load resource: net::ERR_FAILED @ http://localhost:9000/api/rooms?sort=newest:0
[ 1465517ms] [ERROR] TypeError: Failed to fetch
    at fetchRooms (webpack-internal:///(app-pages-browser)/./app/rooms/page.tsx:42:23)
    at RoomsPage.useEffect (webpack-internal:///(app-pages-browser)/./app/rooms/page.tsx:104:48) @ webpack-internal:///(app-pages-browser)/./node_modules/next/dist/client/components/globals/intercept-console-error.js:49
[ 1465536ms] [ERROR] Failed to load resource: net::ERR_FAILED @ http://localhost:9000/__nextjs_original-stack-frames:0
[ 1470518ms] [ERROR] Failed to load resource: net::ERR_FAILED @ http://localhost:9000/api/rooms?sort=newest:0
[ 1470518ms] [ERROR] TypeError: Failed to fetch
    at fetchRooms (webpack-internal:///(app-pages-browser)/./app/rooms/page.tsx:42:23)
    at RoomsPage.useEffect (webpack-internal:///(app-pages-browser)/./app/rooms/page.tsx:104:48) @ webpack-internal:///(app-pages-browser)/./node_modules/next/dist/client/components/globals/intercept-console-error.js:49
[ 1470541ms] [ERROR] Failed to load resource: net::ERR_FAILED @ http://localhost:9000/__nextjs_original-stack-frames:0
[ 1475517ms] [ERROR] Failed to load resource: net::ERR_FAILED @ http://localhost:9000/api/rooms?sort=newest:0
[ 1475517ms] [ERROR] TypeError: Failed to fetch
    at fetchRooms (webpack-internal:///(app-pages-browser)/./app/rooms/page.tsx:42:23)
    at RoomsPage.useEffect (webpack-internal:///(app-pages-browser)/./app/rooms/page.tsx:104:48) @ webpack-internal:///(app-pages-browser)/./node_modules/next/dist/client/components/globals/intercept-console-error.js:49
[ 1475538ms] [ERROR] Failed to load resource: net::ERR_FAILED @ http://localhost:9000/__nextjs_original-stack-frames:0
[ 1480516ms] [ERROR] Failed to load resource: net::ERR_FAILED @ http://localhost:9000/api/rooms?sort=newest:0
[ 1480516ms] [ERROR] TypeError: Failed to fetch
    at fetchRooms (webpack-internal:///(app-pages-browser)/./app/rooms/page.tsx:42:23)
    at RoomsPage.useEffect (webpack-internal:///(app-pages-browser)/./app/rooms/page.tsx:104:48) @ webpack-internal:///(app-pages-browser)/./node_modules/next/dist/client/components/globals/intercept-console-error.js:49
[ 1480536ms] [ERROR] Failed to load resource: net::ERR_FAILED @ http://localhost:9000/__nextjs_original-stack-frames:0
[ 1485517ms] [ERROR] Failed to load resource: net::ERR_FAILED @ http://localhost:9000/api/rooms?sort=newest:0
[ 1485517ms] [ERROR] TypeError: Failed to fetch
    at fetchRooms (webpack-internal:///(app-pages-browser)/./app/rooms/page.tsx:42:23)
    at RoomsPage.useEffect (webpack-internal:///(app-pages-browser)/./app/rooms/page.tsx:104:48) @ webpack-internal:///(app-pages-browser)/./node_modules/next/dist/client/components/globals/intercept-console-error.js:49
[ 1485527ms] [ERROR] Failed to load resource: net::ERR_FAILED @ http://localhost:9000/__nextjs_original-stack-frames:0
[ 1490517ms] [ERROR] Failed to load resource: net::ERR_FAILED @ http://localhost:9000/api/rooms?sort=newest:0
[ 1490518ms] [ERROR] TypeError: Failed to fetch
    at fetchRooms (webpack-internal:///(app-pages-browser)/./app/rooms/page.tsx:42:23)
    at RoomsPage.useEffect (webpack-internal:///(app-pages-browser)/./app/rooms/page.tsx:104:48) @ webpack-internal:///(app-pages-browser)/./node_modules/next/dist/client/components/globals/intercept-console-error.js:49
[ 1490538ms] [ERROR] Failed to load resource: net::ERR_FAILED @ http://localhost:9000/__nextjs_original-stack-frames:0
[ 1495515ms] [ERROR] Failed to load resource: net::ERR_FAILED @ http://localhost:9000/api/rooms?sort=newest:0
[ 1495515ms] [ERROR] TypeError: Failed to fetch
    at fetchRooms (webpack-internal:///(app-pages-browser)/./app/rooms/page.tsx:42:23)
    at RoomsPage.useEffect (webpack-internal:///(app-pages-browser)/./app/rooms/page.tsx:104:48) @ webpack-internal:///(app-pages-browser)/./node_modules/next/dist/client/components/globals/intercept-console-error.js:49
[ 1495534ms] [ERROR] Failed to load resource: net::ERR_FAILED @ http://localhost:9000/__nextjs_original-stack-frames:0
[ 1500517ms] [ERROR] Failed to load resource: net::ERR_FAILED @ http://localhost:9000/api/rooms?sort=newest:0
[ 1500517ms] [ERROR] TypeError: Failed to fetch
    at fetchRooms (webpack-internal:///(app-pages-browser)/./app/rooms/page.tsx:42:23)
    at RoomsPage.useEffect (webpack-internal:///(app-pages-browser)/./app/rooms/page.tsx:104:48) @ webpack-internal:///(app-pages-browser)/./node_modules/next/dist/client/components/globals/intercept-console-error.js:49
[ 1500538ms] [ERROR] Failed to load resource: net::ERR_FAILED @ http://localhost:9000/__nextjs_original-stack-frames:0
[ 1505518ms] [ERROR] Failed to load resource: net::ERR_FAILED @ http://localhost:9000/api/rooms?sort=newest:0
[ 1505518ms] [ERROR] TypeError: Failed to fetch
    at fetchRooms (webpack-internal:///(app-pages-browser)/./app/rooms/page.tsx:42:23)
    at RoomsPage.useEffect (webpack-internal:///(app-pages-browser)/./app/rooms/page.tsx:104:48) @ webpack-internal:///(app-pages-browser)/./node_modules/next/dist/client/components/globals/intercept-console-error.js:49
[ 1505539ms] [ERROR] Failed to load resource: net::ERR_FAILED @ http://localhost:9000/__nextjs_original-stack-frames:0
[ 1510518ms] [ERROR] Failed to load resource: net::ERR_FAILED @ http://localhost:9000/api/rooms?sort=newest:0
[ 1510518ms] [ERROR] TypeError: Failed to fetch
    at fetchRooms (webpack-internal:///(app-pages-browser)/./app/rooms/page.tsx:42:23)
    at RoomsPage.useEffect (webpack-internal:///(app-pages-browser)/./app/rooms/page.tsx:104:48) @ webpack-internal:///(app-pages-browser)/./node_modules/next/dist/client/components/globals/intercept-console-error.js:49
[ 1510539ms] [ERROR] Failed to load resource: net::ERR_FAILED @ http://localhost:9000/__nextjs_original-stack-frames:0
[ 1515515ms] [ERROR] Failed to load resource: net::ERR_FAILED @ http://localhost:9000/api/rooms?sort=newest:0
[ 1515516ms] [ERROR] TypeError: Failed to fetch
    at fetchRooms (webpack-internal:///(app-pages-browser)/./app/rooms/page.tsx:42:23)
    at RoomsPage.useEffect (webpack-internal:///(app-pages-browser)/./app/rooms/page.tsx:104:48) @ webpack-internal:///(app-pages-browser)/./node_modules/next/dist/client/components/globals/intercept-console-error.js:49
[ 1515525ms] [ERROR] Failed to load resource: net::ERR_FAILED @ http://localhost:9000/__nextjs_original-stack-frames:0
[ 1520516ms] [ERROR] Failed to load resource: net::ERR_FAILED @ http://localhost:9000/api/rooms?sort=newest:0
[ 1520516ms] [ERROR] TypeError: Failed to fetch
    at fetchRooms (webpack-internal:///(app-pages-browser)/./app/rooms/page.tsx:42:23)
    at RoomsPage.useEffect (webpack-internal:///(app-pages-browser)/./app/rooms/page.tsx:104:48) @ webpack-internal:///(app-pages-browser)/./node_modules/next/dist/client/components/globals/intercept-console-error.js:49
[ 1520538ms] [ERROR] Failed to load resource: net::ERR_FAILED @ http://localhost:9000/__nextjs_original-stack-frames:0
[ 1525515ms] [ERROR] Failed to load resource: net::ERR_FAILED @ http://localhost:9000/api/rooms?sort=newest:0
[ 1525515ms] [ERROR] TypeError: Failed to fetch
    at fetchRooms (webpack-internal:///(app-pages-browser)/./app/rooms/page.tsx:42:23)
    at RoomsPage.useEffect (webpack-internal:///(app-pages-browser)/./app/rooms/page.tsx:104:48) @ webpack-internal:///(app-pages-browser)/./node_modules/next/dist/client/components/globals/intercept-console-error.js:49
[ 1525527ms] [ERROR] Failed to load resource: net::ERR_FAILED @ http://localhost:9000/__nextjs_original-stack-frames:0
[ 1530515ms] [ERROR] Failed to load resource: net::ERR_FAILED @ http://localhost:9000/api/rooms?sort=newest:0
[ 1530515ms] [ERROR] TypeError: Failed to fetch
    at fetchRooms (webpack-internal:///(app-pages-browser)/./app/rooms/page.tsx:42:23)
    at RoomsPage.useEffect (webpack-internal:///(app-pages-browser)/./app/rooms/page.tsx:104:48) @ webpack-internal:///(app-pages-browser)/./node_modules/next/dist/client/components/globals/intercept-console-error.js:49
[ 1530536ms] [ERROR] Failed to load resource: net::ERR_FAILED @ http://localhost:9000/__nextjs_original-stack-frames:0
[ 1535517ms] [ERROR] Failed to load resource: net::ERR_FAILED @ http://localhost:9000/api/rooms?sort=newest:0
[ 1535517ms] [ERROR] TypeError: Failed to fetch
    at fetchRooms (webpack-internal:///(app-pages-browser)/./app/rooms/page.tsx:42:23)
    at RoomsPage.useEffect (webpack-internal:///(app-pages-browser)/./app/rooms/page.tsx:104:48) @ webpack-internal:///(app-pages-browser)/./node_modules/next/dist/client/components/globals/intercept-console-error.js:49
[ 1535538ms] [ERROR] Failed to load resource: net::ERR_FAILED @ http://localhost:9000/__nextjs_original-stack-frames:0
[ 1540517ms] [ERROR] Failed to load resource: net::ERR_FAILED @ http://localhost:9000/api/rooms?sort=newest:0
[ 1540517ms] [ERROR] TypeError: Failed to fetch
    at fetchRooms (webpack-internal:///(app-pages-browser)/./app/rooms/page.tsx:42:23)
    at RoomsPage.useEffect (webpack-internal:///(app-pages-browser)/./app/rooms/page.tsx:104:48) @ webpack-internal:///(app-pages-browser)/./node_modules/next/dist/client/components/globals/intercept-console-error.js:49
[ 1540537ms] [ERROR] Failed to load resource: net::ERR_FAILED @ http://localhost:9000/__nextjs_original-stack-frames:0
[ 1545515ms] [ERROR] Failed to load resource: net::ERR_FAILED @ http://localhost:9000/api/rooms?sort=newest:0
[ 1545515ms] [ERROR] TypeError: Failed to fetch
    at fetchRooms (webpack-internal:///(app-pages-browser)/./app/rooms/page.tsx:42:23)
    at RoomsPage.useEffect (webpack-internal:///(app-pages-browser)/./app/rooms/page.tsx:104:48) @ webpack-internal:///(app-pages-browser)/./node_modules/next/dist/client/components/globals/intercept-console-error.js:49
[ 1545526ms] [ERROR] Failed to load resource: net::ERR_FAILED @ http://localhost:9000/__nextjs_original-stack-frames:0
[ 1550515ms] [ERROR] Failed to load resource: net::ERR_FAILED @ http://localhost:9000/api/rooms?sort=newest:0
[ 1550515ms] [ERROR] TypeError: Failed to fetch
    at fetchRooms (webpack-internal:///(app-pages-browser)/./app/rooms/page.tsx:42:23)
    at RoomsPage.useEffect (webpack-internal:///(app-pages-browser)/./app/rooms/page.tsx:104:48) @ webpack-internal:///(app-pages-browser)/./node_modules/next/dist/client/components/globals/intercept-console-error.js:49
[ 1550536ms] [ERROR] Failed to load resource: net::ERR_FAILED @ http://localhost:9000/__nextjs_original-stack-frames:0
[ 1555515ms] [ERROR] Failed to load resource: net::ERR_FAILED @ http://localhost:9000/api/rooms?sort=newest:0
[ 1555516ms] [ERROR] TypeError: Failed to fetch
    at fetchRooms (webpack-internal:///(app-pages-browser)/./app/rooms/page.tsx:42:23)
    at RoomsPage.useEffect (webpack-internal:///(app-pages-browser)/./app/rooms/page.tsx:104:48) @ webpack-internal:///(app-pages-browser)/./node_modules/next/dist/client/components/globals/intercept-console-error.js:49
[ 1555535ms] [ERROR] Failed to load resource: net::ERR_FAILED @ http://localhost:9000/__nextjs_original-stack-frames:0
[ 1560517ms] [ERROR] Failed to load resource: net::ERR_FAILED @ http://localhost:9000/api/rooms?sort=newest:0
[ 1560517ms] [ERROR] TypeError: Failed to fetch
    at fetchRooms (webpack-internal:///(app-pages-browser)/./app/rooms/page.tsx:42:23)
    at RoomsPage.useEffect (webpack-internal:///(app-pages-browser)/./app/rooms/page.tsx:104:48) @ webpack-internal:///(app-pages-browser)/./node_modules/next/dist/client/components/globals/intercept-console-error.js:49
[ 1560539ms] [ERROR] Failed to load resource: net::ERR_FAILED @ http://localhost:9000/__nextjs_original-stack-frames:0
[ 1565517ms] [ERROR] Failed to load resource: net::ERR_FAILED @ http://localhost:9000/api/rooms?sort=newest:0
[ 1565517ms] [ERROR] TypeError: Failed to fetch
    at fetchRooms (webpack-internal:///(app-pages-browser)/./app/rooms/page.tsx:42:23)
    at RoomsPage.useEffect (webpack-internal:///(app-pages-browser)/./app/rooms/page.tsx:104:48) @ webpack-internal:///(app-pages-browser)/./node_modules/next/dist/client/components/globals/intercept-console-error.js:49
[ 1565539ms] [ERROR] Failed to load resource: net::ERR_FAILED @ http://localhost:9000/__nextjs_original-stack-frames:0
[ 1570518ms] [ERROR] Failed to load resource: net::ERR_FAILED @ http://localhost:9000/api/rooms?sort=newest:0
[ 1570518ms] [ERROR] TypeError: Failed to fetch
    at fetchRooms (webpack-internal:///(app-pages-browser)/./app/rooms/page.tsx:42:23)
    at RoomsPage.useEffect (webpack-internal:///(app-pages-browser)/./app/rooms/page.tsx:104:48) @ webpack-internal:///(app-pages-browser)/./node_modules/next/dist/client/components/globals/intercept-console-error.js:49
[ 1570538ms] [ERROR] Failed to load resource: net::ERR_FAILED @ http://localhost:9000/__nextjs_original-stack-frames:0
[ 1575516ms] [ERROR] Failed to load resource: net::ERR_FAILED @ http://localhost:9000/api/rooms?sort=newest:0
[ 1575516ms] [ERROR] TypeError: Failed to fetch
    at fetchRooms (webpack-internal:///(app-pages-browser)/./app/rooms/page.tsx:42:23)
    at RoomsPage.useEffect (webpack-internal:///(app-pages-browser)/./app/rooms/page.tsx:104:48) @ webpack-internal:///(app-pages-browser)/./node_modules/next/dist/client/components/globals/intercept-console-error.js:49
[ 1575526ms] [ERROR] Failed to load resource: net::ERR_FAILED @ http://localhost:9000/__nextjs_original-stack-frames:0
[ 1580516ms] [ERROR] Failed to load resource: net::ERR_FAILED @ http://localhost:9000/api/rooms?sort=newest:0
[ 1580516ms] [ERROR] TypeError: Failed to fetch
    at fetchRooms (webpack-internal:///(app-pages-browser)/./app/rooms/page.tsx:42:23)
    at RoomsPage.useEffect (webpack-internal:///(app-pages-browser)/./app/rooms/page.tsx:104:48) @ webpack-internal:///(app-pages-browser)/./node_modules/next/dist/client/components/globals/intercept-console-error.js:49
[ 1580536ms] [ERROR] Failed to load resource: net::ERR_FAILED @ http://localhost:9000/__nextjs_original-stack-frames:0
[ 1585514ms] [ERROR] Failed to load resource: net::ERR_FAILED @ http://localhost:9000/api/rooms?sort=newest:0
[ 1585514ms] [ERROR] TypeError: Failed to fetch
    at fetchRooms (webpack-internal:///(app-pages-browser)/./app/rooms/page.tsx:42:23)
    at RoomsPage.useEffect (webpack-internal:///(app-pages-browser)/./app/rooms/page.tsx:104:48) @ webpack-internal:///(app-pages-browser)/./node_modules/next/dist/client/components/globals/intercept-console-error.js:49
[ 1585533ms] [ERROR] Failed to load resource: net::ERR_FAILED @ http://localhost:9000/__nextjs_original-stack-frames:0
[ 1590515ms] [ERROR] Failed to load resource: net::ERR_FAILED @ http://localhost:9000/api/rooms?sort=newest:0
[ 1590515ms] [ERROR] TypeError: Failed to fetch
    at fetchRooms (webpack-internal:///(app-pages-browser)/./app/rooms/page.tsx:42:23)
    at RoomsPage.useEffect (webpack-internal:///(app-pages-browser)/./app/rooms/page.tsx:104:48) @ webpack-internal:///(app-pages-browser)/./node_modules/next/dist/client/components/globals/intercept-console-error.js:49
[ 1590537ms] [ERROR] Failed to load resource: net::ERR_FAILED @ http://localhost:9000/__nextjs_original-stack-frames:0
[ 1595517ms] [ERROR] Failed to load resource: net::ERR_FAILED @ http://localhost:9000/api/rooms?sort=newest:0
[ 1595517ms] [ERROR] TypeError: Failed to fetch
    at fetchRooms (webpack-internal:///(app-pages-browser)/./app/rooms/page.tsx:42:23)
    at RoomsPage.useEffect (webpack-internal:///(app-pages-browser)/./app/rooms/page.tsx:104:48) @ webpack-internal:///(app-pages-browser)/./node_modules/next/dist/client/components/globals/intercept-console-error.js:49
[ 1595538ms] [ERROR] Failed to load resource: net::ERR_FAILED @ http://localhost:9000/__nextjs_original-stack-frames:0
[ 1600516ms] [ERROR] Failed to load resource: net::ERR_FAILED @ http://localhost:9000/api/rooms?sort=newest:0
[ 1600516ms] [ERROR] TypeError: Failed to fetch
    at fetchRooms (webpack-internal:///(app-pages-browser)/./app/rooms/page.tsx:42:23)
    at RoomsPage.useEffect (webpack-internal:///(app-pages-browser)/./app/rooms/page.tsx:104:48) @ webpack-internal:///(app-pages-browser)/./node_modules/next/dist/client/components/globals/intercept-console-error.js:49
[ 1600535ms] [ERROR] Failed to load resource: net::ERR_FAILED @ http://localhost:9000/__nextjs_original-stack-frames:0
[ 1605515ms] [ERROR] Failed to load resource: net::ERR_FAILED @ http://localhost:9000/api/rooms?sort=newest:0
[ 1605515ms] [ERROR] TypeError: Failed to fetch
    at fetchRooms (webpack-internal:///(app-pages-browser)/./app/rooms/page.tsx:42:23)
    at RoomsPage.useEffect (webpack-internal:///(app-pages-browser)/./app/rooms/page.tsx:104:48) @ webpack-internal:///(app-pages-browser)/./node_modules/next/dist/client/components/globals/intercept-console-error.js:49
[ 1605526ms] [ERROR] Failed to load resource: net::ERR_FAILED @ http://localhost:9000/__nextjs_original-stack-frames:0
[ 1610516ms] [ERROR] Failed to load resource: net::ERR_FAILED @ http://localhost:9000/api/rooms?sort=newest:0
[ 1610516ms] [ERROR] TypeError: Failed to fetch
    at fetchRooms (webpack-internal:///(app-pages-browser)/./app/rooms/page.tsx:42:23)
    at RoomsPage.useEffect (webpack-internal:///(app-pages-browser)/./app/rooms/page.tsx:104:48) @ webpack-internal:///(app-pages-browser)/./node_modules/next/dist/client/components/globals/intercept-console-error.js:49
[ 1610537ms] [ERROR] Failed to load resource: net::ERR_FAILED @ http://localhost:9000/__nextjs_original-stack-frames:0
[ 1615514ms] [ERROR] Failed to load resource: net::ERR_FAILED @ http://localhost:9000/api/rooms?sort=newest:0
[ 1615514ms] [ERROR] TypeError: Failed to fetch
    at fetchRooms (webpack-internal:///(app-pages-browser)/./app/rooms/page.tsx:42:23)
    at RoomsPage.useEffect (webpack-internal:///(app-pages-browser)/./app/rooms/page.tsx:104:48) @ webpack-internal:///(app-pages-browser)/./node_modules/next/dist/client/components/globals/intercept-console-error.js:49
[ 1615533ms] [ERROR] Failed to load resource: net::ERR_FAILED @ http://localhost:9000/__nextjs_original-stack-frames:0
[ 1620517ms] [ERROR] Failed to load resource: net::ERR_FAILED @ http://localhost:9000/api/rooms?sort=newest:0
[ 1620517ms] [ERROR] TypeError: Failed to fetch
    at fetchRooms (webpack-internal:///(app-pages-browser)/./app/rooms/page.tsx:42:23)
    at RoomsPage.useEffect (webpack-internal:///(app-pages-browser)/./app/rooms/page.tsx:104:48) @ webpack-internal:///(app-pages-browser)/./node_modules/next/dist/client/components/globals/intercept-console-error.js:49
[ 1620537ms] [ERROR] Failed to load resource: net::ERR_FAILED @ http://localhost:9000/__nextjs_original-stack-frames:0
[ 1625516ms] [ERROR] Failed to load resource: net::ERR_FAILED @ http://localhost:9000/api/rooms?sort=newest:0
[ 1625516ms] [ERROR] TypeError: Failed to fetch
    at fetchRooms (webpack-internal:///(app-pages-browser)/./app/rooms/page.tsx:42:23)
    at RoomsPage.useEffect (webpack-internal:///(app-pages-browser)/./app/rooms/page.tsx:104:48) @ webpack-internal:///(app-pages-browser)/./node_modules/next/dist/client/components/globals/intercept-console-error.js:49
[ 1625537ms] [ERROR] Failed to load resource: net::ERR_FAILED @ http://localhost:9000/__nextjs_original-stack-frames:0
[ 1630516ms] [ERROR] Failed to load resource: net::ERR_FAILED @ http://localhost:9000/api/rooms?sort=newest:0
[ 1630516ms] [ERROR] TypeError: Failed to fetch
    at fetchRooms (webpack-internal:///(app-pages-browser)/./app/rooms/page.tsx:42:23)
    at RoomsPage.useEffect (webpack-internal:///(app-pages-browser)/./app/rooms/page.tsx:104:48) @ webpack-internal:///(app-pages-browser)/./node_modules/next/dist/client/components/globals/intercept-console-error.js:49
[ 1630526ms] [ERROR] Failed to load resource: net::ERR_FAILED @ http://localhost:9000/__nextjs_original-stack-frames:0
[ 1635516ms] [ERROR] Failed to load resource: net::ERR_FAILED @ http://localhost:9000/api/rooms?sort=newest:0
[ 1635516ms] [ERROR] TypeError: Failed to fetch
    at fetchRooms (webpack-internal:///(app-pages-browser)/./app/rooms/page.tsx:42:23)
    at RoomsPage.useEffect (webpack-internal:///(app-pages-browser)/./app/rooms/page.tsx:104:48) @ webpack-internal:///(app-pages-browser)/./node_modules/next/dist/client/components/globals/intercept-console-error.js:49
[ 1635524ms] [ERROR] Failed to load resource: net::ERR_FAILED @ http://localhost:9000/__nextjs_original-stack-frames:0
[ 1640517ms] [ERROR] Failed to load resource: net::ERR_FAILED @ http://localhost:9000/api/rooms?sort=newest:0
[ 1640517ms] [ERROR] TypeError: Failed to fetch
    at fetchRooms (webpack-internal:///(app-pages-browser)/./app/rooms/page.tsx:42:23)
    at RoomsPage.useEffect (webpack-internal:///(app-pages-browser)/./app/rooms/page.tsx:104:48) @ webpack-internal:///(app-pages-browser)/./node_modules/next/dist/client/components/globals/intercept-console-error.js:49
[ 1640538ms] [ERROR] Failed to load resource: net::ERR_FAILED @ http://localhost:9000/__nextjs_original-stack-frames:0
[ 1645515ms] [ERROR] Failed to load resource: net::ERR_FAILED @ http://localhost:9000/api/rooms?sort=newest:0
[ 1645515ms] [ERROR] TypeError: Failed to fetch
    at fetchRooms (webpack-internal:///(app-pages-browser)/./app/rooms/page.tsx:42:23)
    at RoomsPage.useEffect (webpack-internal:///(app-pages-browser)/./app/rooms/page.tsx:104:48) @ webpack-internal:///(app-pages-browser)/./node_modules/next/dist/client/components/globals/intercept-console-error.js:49
[ 1645534ms] [ERROR] Failed to load resource: net::ERR_FAILED @ http://localhost:9000/__nextjs_original-stack-frames:0
[ 1650514ms] [ERROR] Failed to load resource: net::ERR_FAILED @ http://localhost:9000/api/rooms?sort=newest:0
[ 1650514ms] [ERROR] TypeError: Failed to fetch
    at fetchRooms (webpack-internal:///(app-pages-browser)/./app/rooms/page.tsx:42:23)
    at RoomsPage.useEffect (webpack-internal:///(app-pages-browser)/./app/rooms/page.tsx:104:48) @ webpack-internal:///(app-pages-browser)/./node_modules/next/dist/client/components/globals/intercept-console-error.js:49
[ 1650526ms] [ERROR] Failed to load resource: net::ERR_FAILED @ http://localhost:9000/__nextjs_original-stack-frames:0
[ 1655517ms] [ERROR] Failed to load resource: net::ERR_FAILED @ http://localhost:9000/api/rooms?sort=newest:0
[ 1655517ms] [ERROR] TypeError: Failed to fetch
    at fetchRooms (webpack-internal:///(app-pages-browser)/./app/rooms/page.tsx:42:23)
    at RoomsPage.useEffect (webpack-internal:///(app-pages-browser)/./app/rooms/page.tsx:104:48) @ webpack-internal:///(app-pages-browser)/./node_modules/next/dist/client/components/globals/intercept-console-error.js:49
[ 1655532ms] [ERROR] Failed to load resource: net::ERR_FAILED @ http://localhost:9000/__nextjs_original-stack-frames:0
[ 1660517ms] [ERROR] Failed to load resource: net::ERR_FAILED @ http://localhost:9000/api/rooms?sort=newest:0
[ 1660517ms] [ERROR] TypeError: Failed to fetch
    at fetchRooms (webpack-internal:///(app-pages-browser)/./app/rooms/page.tsx:42:23)
    at RoomsPage.useEffect (webpack-internal:///(app-pages-browser)/./app/rooms/page.tsx:104:48) @ webpack-internal:///(app-pages-browser)/./node_modules/next/dist/client/components/globals/intercept-console-error.js:49
[ 1660535ms] [ERROR] Failed to load resource: net::ERR_FAILED @ http://localhost:9000/__nextjs_original-stack-frames:0
[ 1665516ms] [ERROR] Failed to load resource: net::ERR_FAILED @ http://localhost:9000/api/rooms?sort=newest:0
[ 1665516ms] [ERROR] TypeError: Failed to fetch
    at fetchRooms (webpack-internal:///(app-pages-browser)/./app/rooms/page.tsx:42:23)
    at RoomsPage.useEffect (webpack-internal:///(app-pages-browser)/./app/rooms/page.tsx:104:48) @ webpack-internal:///(app-pages-browser)/./node_modules/next/dist/client/components/globals/intercept-console-error.js:49
[ 1665525ms] [ERROR] Failed to load resource: net::ERR_FAILED @ http://localhost:9000/__nextjs_original-stack-frames:0
[ 1670517ms] [ERROR] Failed to load resource: net::ERR_FAILED @ http://localhost:9000/api/rooms?sort=newest:0
[ 1670517ms] [ERROR] TypeError: Failed to fetch
    at fetchRooms (webpack-internal:///(app-pages-browser)/./app/rooms/page.tsx:42:23)
    at RoomsPage.useEffect (webpack-internal:///(app-pages-browser)/./app/rooms/page.tsx:104:48) @ webpack-internal:///(app-pages-browser)/./node_modules/next/dist/client/components/globals/intercept-console-error.js:49
[ 1670537ms] [ERROR] Failed to load resource: net::ERR_FAILED @ http://localhost:9000/__nextjs_original-stack-frames:0
[ 1675514ms] [ERROR] Failed to load resource: net::ERR_FAILED @ http://localhost:9000/api/rooms?sort=newest:0
[ 1675514ms] [ERROR] TypeError: Failed to fetch
    at fetchRooms (webpack-internal:///(app-pages-browser)/./app/rooms/page.tsx:42:23)
    at RoomsPage.useEffect (webpack-internal:///(app-pages-browser)/./app/rooms/page.tsx:104:48) @ webpack-internal:///(app-pages-browser)/./node_modules/next/dist/client/components/globals/intercept-console-error.js:49
[ 1675533ms] [ERROR] Failed to load resource: net::ERR_FAILED @ http://localhost:9000/__nextjs_original-stack-frames:0
[ 1680518ms] [ERROR] Failed to load resource: net::ERR_FAILED @ http://localhost:9000/api/rooms?sort=newest:0
[ 1680519ms] [ERROR] TypeError: Failed to fetch
    at fetchRooms (webpack-internal:///(app-pages-browser)/./app/rooms/page.tsx:42:23)
    at RoomsPage.useEffect (webpack-internal:///(app-pages-browser)/./app/rooms/page.tsx:104:48) @ webpack-internal:///(app-pages-browser)/./node_modules/next/dist/client/components/globals/intercept-console-error.js:49
[ 1680539ms] [ERROR] Failed to load resource: net::ERR_FAILED @ http://localhost:9000/__nextjs_original-stack-frames:0
[ 1685520ms] [ERROR] Failed to load resource: net::ERR_FAILED @ http://localhost:9000/api/rooms?sort=newest:0
[ 1685520ms] [ERROR] TypeError: Failed to fetch
    at fetchRooms (webpack-internal:///(app-pages-browser)/./app/rooms/page.tsx:42:23)
    at RoomsPage.useEffect (webpack-internal:///(app-pages-browser)/./app/rooms/page.tsx:104:48) @ webpack-internal:///(app-pages-browser)/./node_modules/next/dist/client/components/globals/intercept-console-error.js:49
[ 1685542ms] [ERROR] Failed to load resource: net::ERR_FAILED @ http://localhost:9000/__nextjs_original-stack-frames:0
[ 1690517ms] [ERROR] Failed to load resource: net::ERR_FAILED @ http://localhost:9000/api/rooms?sort=newest:0
[ 1690517ms] [ERROR] TypeError: Failed to fetch
    at fetchRooms (webpack-internal:///(app-pages-browser)/./app/rooms/page.tsx:42:23)
    at RoomsPage.useEffect (webpack-internal:///(app-pages-browser)/./app/rooms/page.tsx:104:48) @ webpack-internal:///(app-pages-browser)/./node_modules/next/dist/client/components/globals/intercept-console-error.js:49
[ 1690536ms] [ERROR] Failed to load resource: net::ERR_FAILED @ http://localhost:9000/__nextjs_original-stack-frames:0
[ 1695517ms] [ERROR] Failed to load resource: net::ERR_FAILED @ http://localhost:9000/api/rooms?sort=newest:0
[ 1695517ms] [ERROR] TypeError: Failed to fetch
    at fetchRooms (webpack-internal:///(app-pages-browser)/./app/rooms/page.tsx:42:23)
    at RoomsPage.useEffect (webpack-internal:///(app-pages-browser)/./app/rooms/page.tsx:104:48) @ webpack-internal:///(app-pages-browser)/./node_modules/next/dist/client/components/globals/intercept-console-error.js:49
[ 1695526ms] [ERROR] Failed to load resource: net::ERR_FAILED @ http://localhost:9000/__nextjs_original-stack-frames:0
[ 1700517ms] [ERROR] Failed to load resource: net::ERR_FAILED @ http://localhost:9000/api/rooms?sort=newest:0
[ 1700518ms] [ERROR] TypeError: Failed to fetch
    at fetchRooms (webpack-internal:///(app-pages-browser)/./app/rooms/page.tsx:42:23)
    at RoomsPage.useEffect (webpack-internal:///(app-pages-browser)/./app/rooms/page.tsx:104:48) @ webpack-internal:///(app-pages-browser)/./node_modules/next/dist/client/components/globals/intercept-console-error.js:49
[ 1700539ms] [ERROR] Failed to load resource: net::ERR_FAILED @ http://localhost:9000/__nextjs_original-stack-frames:0
[ 1705515ms] [ERROR] Failed to load resource: net::ERR_FAILED @ http://localhost:9000/api/rooms?sort=newest:0
[ 1705515ms] [ERROR] TypeError: Failed to fetch
    at fetchRooms (webpack-internal:///(app-pages-browser)/./app/rooms/page.tsx:42:23)
    at RoomsPage.useEffect (webpack-internal:///(app-pages-browser)/./app/rooms/page.tsx:104:48) @ webpack-internal:///(app-pages-browser)/./node_modules/next/dist/client/components/globals/intercept-console-error.js:49
[ 1705534ms] [ERROR] Failed to load resource: net::ERR_FAILED @ http://localhost:9000/__nextjs_original-stack-frames:0
[ 1710517ms] [ERROR] Failed to load resource: net::ERR_FAILED @ http://localhost:9000/api/rooms?sort=newest:0
[ 1710517ms] [ERROR] TypeError: Failed to fetch
    at fetchRooms (webpack-internal:///(app-pages-browser)/./app/rooms/page.tsx:42:23)
    at RoomsPage.useEffect (webpack-internal:///(app-pages-browser)/./app/rooms/page.tsx:104:48) @ webpack-internal:///(app-pages-browser)/./node_modules/next/dist/client/components/globals/intercept-console-error.js:49
[ 1710539ms] [ERROR] Failed to load resource: net::ERR_FAILED @ http://localhost:9000/__nextjs_original-stack-frames:0
[ 1715518ms] [ERROR] Failed to load resource: net::ERR_FAILED @ http://localhost:9000/api/rooms?sort=newest:0
[ 1715518ms] [ERROR] TypeError: Failed to fetch
    at fetchRooms (webpack-internal:///(app-pages-browser)/./app/rooms/page.tsx:42:23)
    at RoomsPage.useEffect (webpack-internal:///(app-pages-browser)/./app/rooms/page.tsx:104:48) @ webpack-internal:///(app-pages-browser)/./node_modules/next/dist/client/components/globals/intercept-console-error.js:49
[ 1715539ms] [ERROR] Failed to load resource: net::ERR_FAILED @ http://localhost:9000/__nextjs_original-stack-frames:0
[ 1720518ms] [ERROR] Failed to load resource: net::ERR_FAILED @ http://localhost:9000/api/rooms?sort=newest:0
[ 1720518ms] [ERROR] TypeError: Failed to fetch
    at fetchRooms (webpack-internal:///(app-pages-browser)/./app/rooms/page.tsx:42:23)
    at RoomsPage.useEffect (webpack-internal:///(app-pages-browser)/./app/rooms/page.tsx:104:48) @ webpack-internal:///(app-pages-browser)/./node_modules/next/dist/client/components/globals/intercept-console-error.js:49
[ 1720538ms] [ERROR] Failed to load resource: net::ERR_FAILED @ http://localhost:9000/__nextjs_original-stack-frames:0
[ 1725517ms] [ERROR] Failed to load resource: net::ERR_FAILED @ http://localhost:9000/api/rooms?sort=newest:0
[ 1725517ms] [ERROR] TypeError: Failed to fetch
    at fetchRooms (webpack-internal:///(app-pages-browser)/./app/rooms/page.tsx:42:23)
    at RoomsPage.useEffect (webpack-internal:///(app-pages-browser)/./app/rooms/page.tsx:104:48) @ webpack-internal:///(app-pages-browser)/./node_modules/next/dist/client/components/globals/intercept-console-error.js:49
[ 1725526ms] [ERROR] Failed to load resource: net::ERR_FAILED @ http://localhost:9000/__nextjs_original-stack-frames:0
[ 1730516ms] [ERROR] Failed to load resource: net::ERR_FAILED @ http://localhost:9000/api/rooms?sort=newest:0
[ 1730516ms] [ERROR] TypeError: Failed to fetch
    at fetchRooms (webpack-internal:///(app-pages-browser)/./app/rooms/page.tsx:42:23)
    at RoomsPage.useEffect (webpack-internal:///(app-pages-browser)/./app/rooms/page.tsx:104:48) @ webpack-internal:///(app-pages-browser)/./node_modules/next/dist/client/components/globals/intercept-console-error.js:49
[ 1730538ms] [ERROR] Failed to load resource: net::ERR_FAILED @ http://localhost:9000/__nextjs_original-stack-frames:0
[ 1735517ms] [ERROR] Failed to load resource: net::ERR_FAILED @ http://localhost:9000/api/rooms?sort=newest:0
[ 1735517ms] [ERROR] TypeError: Failed to fetch
    at fetchRooms (webpack-internal:///(app-pages-browser)/./app/rooms/page.tsx:42:23)
    at RoomsPage.useEffect (webpack-internal:///(app-pages-browser)/./app/rooms/page.tsx:104:48) @ webpack-internal:///(app-pages-browser)/./node_modules/next/dist/client/components/globals/intercept-console-error.js:49
[ 1735537ms] [ERROR] Failed to load resource: net::ERR_FAILED @ http://localhost:9000/__nextjs_original-stack-frames:0
[ 1740519ms] [ERROR] Failed to load resource: net::ERR_FAILED @ http://localhost:9000/api/rooms?sort=newest:0
[ 1740520ms] [ERROR] TypeError: Failed to fetch
    at fetchRooms (webpack-internal:///(app-pages-browser)/./app/rooms/page.tsx:42:23)
    at RoomsPage.useEffect (webpack-internal:///(app-pages-browser)/./app/rooms/page.tsx:104:48) @ webpack-internal:///(app-pages-browser)/./node_modules/next/dist/client/components/globals/intercept-console-error.js:49
[ 1740543ms] [ERROR] Failed to load resource: net::ERR_FAILED @ http://localhost:9000/__nextjs_original-stack-frames:0
[ 1745517ms] [ERROR] Failed to load resource: net::ERR_FAILED @ http://localhost:9000/api/rooms?sort=newest:0
[ 1745517ms] [ERROR] TypeError: Failed to fetch
    at fetchRooms (webpack-internal:///(app-pages-browser)/./app/rooms/page.tsx:42:23)
    at RoomsPage.useEffect (webpack-internal:///(app-pages-browser)/./app/rooms/page.tsx:104:48) @ webpack-internal:///(app-pages-browser)/./node_modules/next/dist/client/components/globals/intercept-console-error.js:49
[ 1745537ms] [ERROR] Failed to load resource: net::ERR_FAILED @ http://localhost:9000/__nextjs_original-stack-frames:0
[ 1750518ms] [ERROR] Failed to load resource: net::ERR_FAILED @ http://localhost:9000/api/rooms?sort=newest:0
[ 1750519ms] [ERROR] TypeError: Failed to fetch
    at fetchRooms (webpack-internal:///(app-pages-browser)/./app/rooms/page.tsx:42:23)
    at RoomsPage.useEffect (webpack-internal:///(app-pages-browser)/./app/rooms/page.tsx:104:48) @ webpack-internal:///(app-pages-browser)/./node_modules/next/dist/client/components/globals/intercept-console-error.js:49
[ 1750538ms] [ERROR] Failed to load resource: net::ERR_FAILED @ http://localhost:9000/__nextjs_original-stack-frames:0
[ 1755516ms] [ERROR] Failed to load resource: net::ERR_FAILED @ http://localhost:9000/api/rooms?sort=newest:0
[ 1755517ms] [ERROR] TypeError: Failed to fetch
    at fetchRooms (webpack-internal:///(app-pages-browser)/./app/rooms/page.tsx:42:23)
    at RoomsPage.useEffect (webpack-internal:///(app-pages-browser)/./app/rooms/page.tsx:104:48) @ webpack-internal:///(app-pages-browser)/./node_modules/next/dist/client/components/globals/intercept-console-error.js:49
[ 1755526ms] [ERROR] Failed to load resource: net::ERR_FAILED @ http://localhost:9000/__nextjs_original-stack-frames:0
[ 1760520ms] [ERROR] Failed to load resource: net::ERR_FAILED @ http://localhost:9000/api/rooms?sort=newest:0
[ 1760520ms] [ERROR] TypeError: Failed to fetch
    at fetchRooms (webpack-internal:///(app-pages-browser)/./app/rooms/page.tsx:42:23)
    at RoomsPage.useEffect (webpack-internal:///(app-pages-browser)/./app/rooms/page.tsx:104:48) @ webpack-internal:///(app-pages-browser)/./node_modules/next/dist/client/components/globals/intercept-console-error.js:49
[ 1760542ms] [ERROR] Failed to load resource: net::ERR_FAILED @ http://localhost:9000/__nextjs_original-stack-frames:0
[ 1765517ms] [ERROR] Failed to load resource: net::ERR_FAILED @ http://localhost:9000/api/rooms?sort=newest:0
[ 1765517ms] [ERROR] TypeError: Failed to fetch
    at fetchRooms (webpack-internal:///(app-pages-browser)/./app/rooms/page.tsx:42:23)
    at RoomsPage.useEffect (webpack-internal:///(app-pages-browser)/./app/rooms/page.tsx:104:48) @ webpack-internal:///(app-pages-browser)/./node_modules/next/dist/client/components/globals/intercept-console-error.js:49
[ 1765528ms] [ERROR] Failed to load resource: net::ERR_FAILED @ http://localhost:9000/__nextjs_original-stack-frames:0
[ 1770518ms] [ERROR] Failed to load resource: net::ERR_FAILED @ http://localhost:9000/api/rooms?sort=newest:0
[ 1770519ms] [ERROR] TypeError: Failed to fetch
    at fetchRooms (webpack-internal:///(app-pages-browser)/./app/rooms/page.tsx:42:23)
    at RoomsPage.useEffect (webpack-internal:///(app-pages-browser)/./app/rooms/page.tsx:104:48) @ webpack-internal:///(app-pages-browser)/./node_modules/next/dist/client/components/globals/intercept-console-error.js:49
[ 1770539ms] [ERROR] Failed to load resource: net::ERR_FAILED @ http://localhost:9000/__nextjs_original-stack-frames:0
[ 1775517ms] [ERROR] Failed to load resource: net::ERR_FAILED @ http://localhost:9000/api/rooms?sort=newest:0
[ 1775517ms] [ERROR] TypeError: Failed to fetch
    at fetchRooms (webpack-internal:///(app-pages-browser)/./app/rooms/page.tsx:42:23)
    at RoomsPage.useEffect (webpack-internal:///(app-pages-browser)/./app/rooms/page.tsx:104:48) @ webpack-internal:///(app-pages-browser)/./node_modules/next/dist/client/components/globals/intercept-console-error.js:49
[ 1775529ms] [ERROR] Failed to load resource: net::ERR_FAILED @ http://localhost:9000/__nextjs_original-stack-frames:0
[ 1780519ms] [ERROR] Failed to load resource: net::ERR_FAILED @ http://localhost:9000/api/rooms?sort=newest:0
[ 1780519ms] [ERROR] TypeError: Failed to fetch
    at fetchRooms (webpack-internal:///(app-pages-browser)/./app/rooms/page.tsx:42:23)
    at RoomsPage.useEffect (webpack-internal:///(app-pages-browser)/./app/rooms/page.tsx:104:48) @ webpack-internal:///(app-pages-browser)/./node_modules/next/dist/client/components/globals/intercept-console-error.js:49
[ 1780539ms] [ERROR] Failed to load resource: net::ERR_FAILED @ http://localhost:9000/__nextjs_original-stack-frames:0
[ 1785517ms] [ERROR] Failed to load resource: net::ERR_FAILED @ http://localhost:9000/api/rooms?sort=newest:0
[ 1785517ms] [ERROR] TypeError: Failed to fetch
    at fetchRooms (webpack-internal:///(app-pages-browser)/./app/rooms/page.tsx:42:23)
    at RoomsPage.useEffect (webpack-internal:///(app-pages-browser)/./app/rooms/page.tsx:104:48) @ webpack-internal:///(app-pages-browser)/./node_modules/next/dist/client/components/globals/intercept-console-error.js:49
[ 1785527ms] [ERROR] Failed to load resource: net::ERR_FAILED @ http://localhost:9000/__nextjs_original-stack-frames:0
[ 1790514ms] [ERROR] Failed to load resource: net::ERR_FAILED @ http://localhost:9000/api/rooms?sort=newest:0
[ 1790515ms] [ERROR] TypeError: Failed to fetch
    at fetchRooms (webpack-internal:///(app-pages-browser)/./app/rooms/page.tsx:42:23)
    at RoomsPage.useEffect (webpack-internal:///(app-pages-browser)/./app/rooms/page.tsx:104:48) @ webpack-internal:///(app-pages-browser)/./node_modules/next/dist/client/components/globals/intercept-console-error.js:49
[ 1790524ms] [ERROR] Failed to load resource: net::ERR_FAILED @ http://localhost:9000/__nextjs_original-stack-frames:0
[ 1795516ms] [ERROR] Failed to load resource: net::ERR_FAILED @ http://localhost:9000/api/rooms?sort=newest:0
[ 1795516ms] [ERROR] TypeError: Failed to fetch
    at fetchRooms (webpack-internal:///(app-pages-browser)/./app/rooms/page.tsx:42:23)
    at RoomsPage.useEffect (webpack-internal:///(app-pages-browser)/./app/rooms/page.tsx:104:48) @ webpack-internal:///(app-pages-browser)/./node_modules/next/dist/client/components/globals/intercept-console-error.js:49
[ 1795534ms] [ERROR] Failed to load resource: net::ERR_FAILED @ http://localhost:9000/__nextjs_original-stack-frames:0
[ 1800517ms] [ERROR] Failed to load resource: net::ERR_FAILED @ http://localhost:9000/api/rooms?sort=newest:0
[ 1800517ms] [ERROR] TypeError: Failed to fetch
    at fetchRooms (webpack-internal:///(app-pages-browser)/./app/rooms/page.tsx:42:23)
    at RoomsPage.useEffect (webpack-internal:///(app-pages-browser)/./app/rooms/page.tsx:104:48) @ webpack-internal:///(app-pages-browser)/./node_modules/next/dist/client/components/globals/intercept-console-error.js:49
[ 1800536ms] [ERROR] Failed to load resource: net::ERR_FAILED @ http://localhost:9000/__nextjs_original-stack-frames:0
[ 1805520ms] [ERROR] Failed to load resource: net::ERR_FAILED @ http://localhost:9000/api/rooms?sort=newest:0
[ 1805520ms] [ERROR] TypeError: Failed to fetch
    at fetchRooms (webpack-internal:///(app-pages-browser)/./app/rooms/page.tsx:42:23)
    at RoomsPage.useEffect (webpack-internal:///(app-pages-browser)/./app/rooms/page.tsx:104:48) @ webpack-internal:///(app-pages-browser)/./node_modules/next/dist/client/components/globals/intercept-console-error.js:49
[ 1805542ms] [ERROR] Failed to load resource: net::ERR_FAILED @ http://localhost:9000/__nextjs_original-stack-frames:0
[ 1810519ms] [ERROR] Failed to load resource: net::ERR_FAILED @ http://localhost:9000/api/rooms?sort=newest:0
[ 1810519ms] [ERROR] TypeError: Failed to fetch
    at fetchRooms (webpack-internal:///(app-pages-browser)/./app/rooms/page.tsx:42:23)
    at RoomsPage.useEffect (webpack-internal:///(app-pages-browser)/./app/rooms/page.tsx:104:48) @ webpack-internal:///(app-pages-browser)/./node_modules/next/dist/client/components/globals/intercept-console-error.js:49
[ 1810539ms] [ERROR] Failed to load resource: net::ERR_FAILED @ http://localhost:9000/__nextjs_original-stack-frames:0
[ 1815517ms] [ERROR] Failed to load resource: net::ERR_FAILED @ http://localhost:9000/api/rooms?sort=newest:0
[ 1815517ms] [ERROR] TypeError: Failed to fetch
    at fetchRooms (webpack-internal:///(app-pages-browser)/./app/rooms/page.tsx:42:23)
    at RoomsPage.useEffect (webpack-internal:///(app-pages-browser)/./app/rooms/page.tsx:104:48) @ webpack-internal:///(app-pages-browser)/./node_modules/next/dist/client/components/globals/intercept-console-error.js:49
[ 1815526ms] [ERROR] Failed to load resource: net::ERR_FAILED @ http://localhost:9000/__nextjs_original-stack-frames:0
[ 1820517ms] [ERROR] Failed to load resource: net::ERR_FAILED @ http://localhost:9000/api/rooms?sort=newest:0
[ 1820518ms] [ERROR] TypeError: Failed to fetch
    at fetchRooms (webpack-internal:///(app-pages-browser)/./app/rooms/page.tsx:42:23)
    at RoomsPage.useEffect (webpack-internal:///(app-pages-browser)/./app/rooms/page.tsx:104:48) @ webpack-internal:///(app-pages-browser)/./node_modules/next/dist/client/components/globals/intercept-console-error.js:49
[ 1820538ms] [ERROR] Failed to load resource: net::ERR_FAILED @ http://localhost:9000/__nextjs_original-stack-frames:0
[ 1825516ms] [ERROR] Failed to load resource: net::ERR_FAILED @ http://localhost:9000/api/rooms?sort=newest:0
[ 1825516ms] [ERROR] TypeError: Failed to fetch
    at fetchRooms (webpack-internal:///(app-pages-browser)/./app/rooms/page.tsx:42:23)
    at RoomsPage.useEffect (webpack-internal:///(app-pages-browser)/./app/rooms/page.tsx:104:48) @ webpack-internal:///(app-pages-browser)/./node_modules/next/dist/client/components/globals/intercept-console-error.js:49
[ 1825535ms] [ERROR] Failed to load resource: net::ERR_FAILED @ http://localhost:9000/__nextjs_original-stack-frames:0
[ 1830517ms] [ERROR] Failed to load resource: net::ERR_FAILED @ http://localhost:9000/api/rooms?sort=newest:0
[ 1830517ms] [ERROR] TypeError: Failed to fetch
    at fetchRooms (webpack-internal:///(app-pages-browser)/./app/rooms/page.tsx:42:23)
    at RoomsPage.useEffect (webpack-internal:///(app-pages-browser)/./app/rooms/page.tsx:104:48) @ webpack-internal:///(app-pages-browser)/./node_modules/next/dist/client/components/globals/intercept-console-error.js:49
[ 1830538ms] [ERROR] Failed to load resource: net::ERR_FAILED @ http://localhost:9000/__nextjs_original-stack-frames:0
[ 1835520ms] [ERROR] Failed to load resource: net::ERR_FAILED @ http://localhost:9000/api/rooms?sort=newest:0
[ 1835521ms] [ERROR] TypeError: Failed to fetch
    at fetchRooms (webpack-internal:///(app-pages-browser)/./app/rooms/page.tsx:42:23)
    at RoomsPage.useEffect (webpack-internal:///(app-pages-browser)/./app/rooms/page.tsx:104:48) @ webpack-internal:///(app-pages-browser)/./node_modules/next/dist/client/components/globals/intercept-console-error.js:49
[ 1835542ms] [ERROR] Failed to load resource: net::ERR_FAILED @ http://localhost:9000/__nextjs_original-stack-frames:0
[ 1840518ms] [ERROR] Failed to load resource: net::ERR_FAILED @ http://localhost:9000/api/rooms?sort=newest:0
[ 1840518ms] [ERROR] TypeError: Failed to fetch
    at fetchRooms (webpack-internal:///(app-pages-browser)/./app/rooms/page.tsx:42:23)
    at RoomsPage.useEffect (webpack-internal:///(app-pages-browser)/./app/rooms/page.tsx:104:48) @ webpack-internal:///(app-pages-browser)/./node_modules/next/dist/client/components/globals/intercept-console-error.js:49
[ 1840526ms] [ERROR] Failed to load resource: net::ERR_FAILED @ http://localhost:9000/__nextjs_original-stack-frames:0
[ 1845516ms] [ERROR] Failed to load resource: net::ERR_FAILED @ http://localhost:9000/api/rooms?sort=newest:0
[ 1845516ms] [ERROR] TypeError: Failed to fetch
    at fetchRooms (webpack-internal:///(app-pages-browser)/./app/rooms/page.tsx:42:23)
    at RoomsPage.useEffect (webpack-internal:///(app-pages-browser)/./app/rooms/page.tsx:104:48) @ webpack-internal:///(app-pages-browser)/./node_modules/next/dist/client/components/globals/intercept-console-error.js:49
[ 1845525ms] [ERROR] Failed to load resource: net::ERR_FAILED @ http://localhost:9000/__nextjs_original-stack-frames:0
[ 1850520ms] [ERROR] Failed to load resource: net::ERR_FAILED @ http://localhost:9000/api/rooms?sort=newest:0
[ 1850520ms] [ERROR] TypeError: Failed to fetch
    at fetchRooms (webpack-internal:///(app-pages-browser)/./app/rooms/page.tsx:42:23)
    at RoomsPage.useEffect (webpack-internal:///(app-pages-browser)/./app/rooms/page.tsx:104:48) @ webpack-internal:///(app-pages-browser)/./node_modules/next/dist/client/components/globals/intercept-console-error.js:49
[ 1850541ms] [ERROR] Failed to load resource: net::ERR_FAILED @ http://localhost:9000/__nextjs_original-stack-frames:0
[ 1855515ms] [ERROR] Failed to load resource: net::ERR_FAILED @ http://localhost:9000/api/rooms?sort=newest:0
[ 1855515ms] [ERROR] TypeError: Failed to fetch
    at fetchRooms (webpack-internal:///(app-pages-browser)/./app/rooms/page.tsx:42:23)
    at RoomsPage.useEffect (webpack-internal:///(app-pages-browser)/./app/rooms/page.tsx:104:48) @ webpack-internal:///(app-pages-browser)/./node_modules/next/dist/client/components/globals/intercept-console-error.js:49
[ 1855534ms] [ERROR] Failed to load resource: net::ERR_FAILED @ http://localhost:9000/__nextjs_original-stack-frames:0
[ 1860520ms] [ERROR] Failed to load resource: net::ERR_FAILED @ http://localhost:9000/api/rooms?sort=newest:0
[ 1860520ms] [ERROR] TypeError: Failed to fetch
    at fetchRooms (webpack-internal:///(app-pages-browser)/./app/rooms/page.tsx:42:23)
    at RoomsPage.useEffect (webpack-internal:///(app-pages-browser)/./app/rooms/page.tsx:104:48) @ webpack-internal:///(app-pages-browser)/./node_modules/next/dist/client/components/globals/intercept-console-error.js:49
[ 1860541ms] [ERROR] Failed to load resource: net::ERR_FAILED @ http://localhost:9000/__nextjs_original-stack-frames:0
[ 1865518ms] [ERROR] Failed to load resource: net::ERR_FAILED @ http://localhost:9000/api/rooms?sort=newest:0
[ 1865518ms] [ERROR] TypeError: Failed to fetch
    at fetchRooms (webpack-internal:///(app-pages-browser)/./app/rooms/page.tsx:42:23)
    at RoomsPage.useEffect (webpack-internal:///(app-pages-browser)/./app/rooms/page.tsx:104:48) @ webpack-internal:///(app-pages-browser)/./node_modules/next/dist/client/components/globals/intercept-console-error.js:49
[ 1865539ms] [ERROR] Failed to load resource: net::ERR_FAILED @ http://localhost:9000/__nextjs_original-stack-frames:0
[ 1870519ms] [ERROR] Failed to load resource: net::ERR_FAILED @ http://localhost:9000/api/rooms?sort=newest:0
[ 1870519ms] [ERROR] TypeError: Failed to fetch
    at fetchRooms (webpack-internal:///(app-pages-browser)/./app/rooms/page.tsx:42:23)
    at RoomsPage.useEffect (webpack-internal:///(app-pages-browser)/./app/rooms/page.tsx:104:48) @ webpack-internal:///(app-pages-browser)/./node_modules/next/dist/client/components/globals/intercept-console-error.js:49
[ 1870540ms] [ERROR] Failed to load resource: net::ERR_FAILED @ http://localhost:9000/__nextjs_original-stack-frames:0
[ 1875515ms] [ERROR] Failed to load resource: net::ERR_FAILED @ http://localhost:9000/api/rooms?sort=newest:0
[ 1875515ms] [ERROR] TypeError: Failed to fetch
    at fetchRooms (webpack-internal:///(app-pages-browser)/./app/rooms/page.tsx:42:23)
    at RoomsPage.useEffect (webpack-internal:///(app-pages-browser)/./app/rooms/page.tsx:104:48) @ webpack-internal:///(app-pages-browser)/./node_modules/next/dist/client/components/globals/intercept-console-error.js:49
[ 1875525ms] [ERROR] Failed to load resource: net::ERR_FAILED @ http://localhost:9000/__nextjs_original-stack-frames:0
[ 1880519ms] [ERROR] Failed to load resource: net::ERR_FAILED @ http://localhost:9000/api/rooms?sort=newest:0
[ 1880519ms] [ERROR] TypeError: Failed to fetch
    at fetchRooms (webpack-internal:///(app-pages-browser)/./app/rooms/page.tsx:42:23)
    at RoomsPage.useEffect (webpack-internal:///(app-pages-browser)/./app/rooms/page.tsx:104:48) @ webpack-internal:///(app-pages-browser)/./node_modules/next/dist/client/components/globals/intercept-console-error.js:49
[ 1880540ms] [ERROR] Failed to load resource: net::ERR_FAILED @ http://localhost:9000/__nextjs_original-stack-frames:0
[ 1885516ms] [ERROR] Failed to load resource: net::ERR_FAILED @ http://localhost:9000/api/rooms?sort=newest:0
[ 1885516ms] [ERROR] TypeError: Failed to fetch
    at fetchRooms (webpack-internal:///(app-pages-browser)/./app/rooms/page.tsx:42:23)
    at RoomsPage.useEffect (webpack-internal:///(app-pages-browser)/./app/rooms/page.tsx:104:48) @ webpack-internal:///(app-pages-browser)/./node_modules/next/dist/client/components/globals/intercept-console-error.js:49
[ 1885535ms] [ERROR] Failed to load resource: net::ERR_FAILED @ http://localhost:9000/__nextjs_original-stack-frames:0
[ 1890518ms] [ERROR] Failed to load resource: net::ERR_FAILED @ http://localhost:9000/api/rooms?sort=newest:0
[ 1890519ms] [ERROR] TypeError: Failed to fetch
    at fetchRooms (webpack-internal:///(app-pages-browser)/./app/rooms/page.tsx:42:23)
    at RoomsPage.useEffect (webpack-internal:///(app-pages-browser)/./app/rooms/page.tsx:104:48) @ webpack-internal:///(app-pages-browser)/./node_modules/next/dist/client/components/globals/intercept-console-error.js:49
[ 1890539ms] [ERROR] Failed to load resource: net::ERR_FAILED @ http://localhost:9000/__nextjs_original-stack-frames:0
[ 1895517ms] [ERROR] Failed to load resource: net::ERR_FAILED @ http://localhost:9000/api/rooms?sort=newest:0
[ 1895517ms] [ERROR] TypeError: Failed to fetch
    at fetchRooms (webpack-internal:///(app-pages-browser)/./app/rooms/page.tsx:42:23)
    at RoomsPage.useEffect (webpack-internal:///(app-pages-browser)/./app/rooms/page.tsx:104:48) @ webpack-internal:///(app-pages-browser)/./node_modules/next/dist/client/components/globals/intercept-console-error.js:49
[ 1895538ms] [ERROR] Failed to load resource: net::ERR_FAILED @ http://localhost:9000/__nextjs_original-stack-frames:0
[ 1900519ms] [ERROR] Failed to load resource: net::ERR_FAILED @ http://localhost:9000/api/rooms?sort=newest:0
[ 1900519ms] [ERROR] TypeError: Failed to fetch
    at fetchRooms (webpack-internal:///(app-pages-browser)/./app/rooms/page.tsx:42:23)
    at RoomsPage.useEffect (webpack-internal:///(app-pages-browser)/./app/rooms/page.tsx:104:48) @ webpack-internal:///(app-pages-browser)/./node_modules/next/dist/client/components/globals/intercept-console-error.js:49
[ 1900539ms] [ERROR] Failed to load resource: net::ERR_FAILED @ http://localhost:9000/__nextjs_original-stack-frames:0
[ 1905516ms] [ERROR] Failed to load resource: net::ERR_FAILED @ http://localhost:9000/api/rooms?sort=newest:0
[ 1905517ms] [ERROR] TypeError: Failed to fetch
    at fetchRooms (webpack-internal:///(app-pages-browser)/./app/rooms/page.tsx:42:23)
    at RoomsPage.useEffect (webpack-internal:///(app-pages-browser)/./app/rooms/page.tsx:104:48) @ webpack-internal:///(app-pages-browser)/./node_modules/next/dist/client/components/globals/intercept-console-error.js:49
[ 1905526ms] [ERROR] Failed to load resource: net::ERR_FAILED @ http://localhost:9000/__nextjs_original-stack-frames:0
[ 1910518ms] [ERROR] Failed to load resource: net::ERR_FAILED @ http://localhost:9000/api/rooms?sort=newest:0
[ 1910518ms] [ERROR] TypeError: Failed to fetch
    at fetchRooms (webpack-internal:///(app-pages-browser)/./app/rooms/page.tsx:42:23)
    at RoomsPage.useEffect (webpack-internal:///(app-pages-browser)/./app/rooms/page.tsx:104:48) @ webpack-internal:///(app-pages-browser)/./node_modules/next/dist/client/components/globals/intercept-console-error.js:49
[ 1910539ms] [ERROR] Failed to load resource: net::ERR_FAILED @ http://localhost:9000/__nextjs_original-stack-frames:0
[ 1915516ms] [ERROR] Failed to load resource: net::ERR_FAILED @ http://localhost:9000/api/rooms?sort=newest:0
[ 1915516ms] [ERROR] TypeError: Failed to fetch
    at fetchRooms (webpack-internal:///(app-pages-browser)/./app/rooms/page.tsx:42:23)
    at RoomsPage.useEffect (webpack-internal:///(app-pages-browser)/./app/rooms/page.tsx:104:48) @ webpack-internal:///(app-pages-browser)/./node_modules/next/dist/client/components/globals/intercept-console-error.js:49
[ 1915534ms] [ERROR] Failed to load resource: net::ERR_FAILED @ http://localhost:9000/__nextjs_original-stack-frames:0
[ 1920520ms] [ERROR] Failed to load resource: net::ERR_FAILED @ http://localhost:9000/api/rooms?sort=newest:0
[ 1920520ms] [ERROR] TypeError: Failed to fetch
    at fetchRooms (webpack-internal:///(app-pages-browser)/./app/rooms/page.tsx:42:23)
    at RoomsPage.useEffect (webpack-internal:///(app-pages-browser)/./app/rooms/page.tsx:104:48) @ webpack-internal:///(app-pages-browser)/./node_modules/next/dist/client/components/globals/intercept-console-error.js:49
[ 1920542ms] [ERROR] Failed to load resource: net::ERR_FAILED @ http://localhost:9000/__nextjs_original-stack-frames:0
[ 1925516ms] [ERROR] Failed to load resource: net::ERR_FAILED @ http://localhost:9000/api/rooms?sort=newest:0
[ 1925516ms] [ERROR] TypeError: Failed to fetch
    at fetchRooms (webpack-internal:///(app-pages-browser)/./app/rooms/page.tsx:42:23)
    at RoomsPage.useEffect (webpack-internal:///(app-pages-browser)/./app/rooms/page.tsx:104:48) @ webpack-internal:///(app-pages-browser)/./node_modules/next/dist/client/components/globals/intercept-console-error.js:49
[ 1925537ms] [ERROR] Failed to load resource: net::ERR_FAILED @ http://localhost:9000/__nextjs_original-stack-frames:0
[ 1930521ms] [ERROR] Failed to load resource: net::ERR_FAILED @ http://localhost:9000/api/rooms?sort=newest:0
[ 1930521ms] [ERROR] TypeError: Failed to fetch
    at fetchRooms (webpack-internal:///(app-pages-browser)/./app/rooms/page.tsx:42:23)
    at RoomsPage.useEffect (webpack-internal:///(app-pages-browser)/./app/rooms/page.tsx:104:48) @ webpack-internal:///(app-pages-browser)/./node_modules/next/dist/client/components/globals/intercept-console-error.js:49
[ 1930540ms] [ERROR] Failed to load resource: net::ERR_FAILED @ http://localhost:9000/__nextjs_original-stack-frames:0
[ 1935517ms] [ERROR] Failed to load resource: net::ERR_FAILED @ http://localhost:9000/api/rooms?sort=newest:0
[ 1935517ms] [ERROR] TypeError: Failed to fetch
    at fetchRooms (webpack-internal:///(app-pages-browser)/./app/rooms/page.tsx:42:23)
    at RoomsPage.useEffect (webpack-internal:///(app-pages-browser)/./app/rooms/page.tsx:104:48) @ webpack-internal:///(app-pages-browser)/./node_modules/next/dist/client/components/globals/intercept-console-error.js:49
[ 1935527ms] [ERROR] Failed to load resource: net::ERR_FAILED @ http://localhost:9000/__nextjs_original-stack-frames:0
[ 1940519ms] [ERROR] Failed to load resource: net::ERR_FAILED @ http://localhost:9000/api/rooms?sort=newest:0
[ 1940520ms] [ERROR] TypeError: Failed to fetch
    at fetchRooms (webpack-internal:///(app-pages-browser)/./app/rooms/page.tsx:42:23)
    at RoomsPage.useEffect (webpack-internal:///(app-pages-browser)/./app/rooms/page.tsx:104:48) @ webpack-internal:///(app-pages-browser)/./node_modules/next/dist/client/components/globals/intercept-console-error.js:49
[ 1940539ms] [ERROR] Failed to load resource: net::ERR_FAILED @ http://localhost:9000/__nextjs_original-stack-frames:0
[ 1945516ms] [ERROR] Failed to load resource: net::ERR_FAILED @ http://localhost:9000/api/rooms?sort=newest:0
[ 1945516ms] [ERROR] TypeError: Failed to fetch
    at fetchRooms (webpack-internal:///(app-pages-browser)/./app/rooms/page.tsx:42:23)
    at RoomsPage.useEffect (webpack-internal:///(app-pages-browser)/./app/rooms/page.tsx:104:48) @ webpack-internal:///(app-pages-browser)/./node_modules/next/dist/client/components/globals/intercept-console-error.js:49
[ 1945533ms] [ERROR] Failed to load resource: net::ERR_FAILED @ http://localhost:9000/__nextjs_original-stack-frames:0
[ 1950516ms] [ERROR] Failed to load resource: net::ERR_FAILED @ http://localhost:9000/api/rooms?sort=newest:0
[ 1950516ms] [ERROR] TypeError: Failed to fetch
    at fetchRooms (webpack-internal:///(app-pages-browser)/./app/rooms/page.tsx:42:23)
    at RoomsPage.useEffect (webpack-internal:///(app-pages-browser)/./app/rooms/page.tsx:104:48) @ webpack-internal:///(app-pages-browser)/./node_modules/next/dist/client/components/globals/intercept-console-error.js:49
[ 1950539ms] [ERROR] Failed to load resource: net::ERR_FAILED @ http://localhost:9000/__nextjs_original-stack-frames:0
[ 1955520ms] [ERROR] Failed to load resource: net::ERR_FAILED @ http://localhost:9000/api/rooms?sort=newest:0
[ 1955520ms] [ERROR] TypeError: Failed to fetch
    at fetchRooms (webpack-internal:///(app-pages-browser)/./app/rooms/page.tsx:42:23)
    at RoomsPage.useEffect (webpack-internal:///(app-pages-browser)/./app/rooms/page.tsx:104:48) @ webpack-internal:///(app-pages-browser)/./node_modules/next/dist/client/components/globals/intercept-console-error.js:49
[ 1955541ms] [ERROR] Failed to load resource: net::ERR_FAILED @ http://localhost:9000/__nextjs_original-stack-frames:0
[ 1960518ms] [ERROR] Failed to load resource: net::ERR_FAILED @ http://localhost:9000/api/rooms?sort=newest:0
[ 1960518ms] [ERROR] TypeError: Failed to fetch
    at fetchRooms (webpack-internal:///(app-pages-browser)/./app/rooms/page.tsx:42:23)
    at RoomsPage.useEffect (webpack-internal:///(app-pages-browser)/./app/rooms/page.tsx:104:48) @ webpack-internal:///(app-pages-browser)/./node_modules/next/dist/client/components/globals/intercept-console-error.js:49
[ 1960534ms] [ERROR] Failed to load resource: net::ERR_FAILED @ http://localhost:9000/__nextjs_original-stack-frames:0
[ 1965515ms] [ERROR] Failed to load resource: net::ERR_FAILED @ http://localhost:9000/api/rooms?sort=newest:0
[ 1965515ms] [ERROR] TypeError: Failed to fetch
    at fetchRooms (webpack-internal:///(app-pages-browser)/./app/rooms/page.tsx:42:23)
    at RoomsPage.useEffect (webpack-internal:///(app-pages-browser)/./app/rooms/page.tsx:104:48) @ webpack-internal:///(app-pages-browser)/./node_modules/next/dist/client/components/globals/intercept-console-error.js:49
[ 1965525ms] [ERROR] Failed to load resource: net::ERR_FAILED @ http://localhost:9000/__nextjs_original-stack-frames:0
[ 1970516ms] [ERROR] Failed to load resource: net::ERR_FAILED @ http://localhost:9000/api/rooms?sort=newest:0
[ 1970516ms] [ERROR] TypeError: Failed to fetch
    at fetchRooms (webpack-internal:///(app-pages-browser)/./app/rooms/page.tsx:42:23)
    at RoomsPage.useEffect (webpack-internal:///(app-pages-browser)/./app/rooms/page.tsx:104:48) @ webpack-internal:///(app-pages-browser)/./node_modules/next/dist/client/components/globals/intercept-console-error.js:49
[ 1970531ms] [ERROR] Failed to load resource: net::ERR_FAILED @ http://localhost:9000/__nextjs_original-stack-frames:0
[ 1975516ms] [ERROR] Failed to load resource: net::ERR_FAILED @ http://localhost:9000/api/rooms?sort=newest:0
[ 1975516ms] [ERROR] TypeError: Failed to fetch
    at fetchRooms (webpack-internal:///(app-pages-browser)/./app/rooms/page.tsx:42:23)
    at RoomsPage.useEffect (webpack-internal:///(app-pages-browser)/./app/rooms/page.tsx:104:48) @ webpack-internal:///(app-pages-browser)/./node_modules/next/dist/client/components/globals/intercept-console-error.js:49
[ 1975533ms] [ERROR] Failed to load resource: net::ERR_FAILED @ http://localhost:9000/__nextjs_original-stack-frames:0
[ 1980521ms] [ERROR] Failed to load resource: net::ERR_FAILED @ http://localhost:9000/api/rooms?sort=newest:0
[ 1980521ms] [ERROR] TypeError: Failed to fetch
    at fetchRooms (webpack-internal:///(app-pages-browser)/./app/rooms/page.tsx:42:23)
    at RoomsPage.useEffect (webpack-internal:///(app-pages-browser)/./app/rooms/page.tsx:104:48) @ webpack-internal:///(app-pages-browser)/./node_modules/next/dist/client/components/globals/intercept-console-error.js:49
[ 1980543ms] [ERROR] Failed to load resource: net::ERR_FAILED @ http://localhost:9000/__nextjs_original-stack-frames:0
[ 1985517ms] [ERROR] Failed to load resource: net::ERR_FAILED @ http://localhost:9000/api/rooms?sort=newest:0
[ 1985517ms] [ERROR] TypeError: Failed to fetch
    at fetchRooms (webpack-internal:///(app-pages-browser)/./app/rooms/page.tsx:42:23)
    at RoomsPage.useEffect (webpack-internal:///(app-pages-browser)/./app/rooms/page.tsx:104:48) @ webpack-internal:///(app-pages-browser)/./node_modules/next/dist/client/components/globals/intercept-console-error.js:49
[ 1985538ms] [ERROR] Failed to load resource: net::ERR_FAILED @ http://localhost:9000/__nextjs_original-stack-frames:0
[ 1990517ms] [ERROR] Failed to load resource: net::ERR_FAILED @ http://localhost:9000/api/rooms?sort=newest:0
[ 1990518ms] [ERROR] TypeError: Failed to fetch
    at fetchRooms (webpack-internal:///(app-pages-browser)/./app/rooms/page.tsx:42:23)
    at RoomsPage.useEffect (webpack-internal:///(app-pages-browser)/./app/rooms/page.tsx:104:48) @ webpack-internal:///(app-pages-browser)/./node_modules/next/dist/client/components/globals/intercept-console-error.js:49
[ 1990537ms] [ERROR] Failed to load resource: net::ERR_FAILED @ http://localhost:9000/__nextjs_original-stack-frames:0
[ 1995516ms] [ERROR] Failed to load resource: net::ERR_FAILED @ http://localhost:9000/api/rooms?sort=newest:0
[ 1995516ms] [ERROR] TypeError: Failed to fetch
    at fetchRooms (webpack-internal:///(app-pages-browser)/./app/rooms/page.tsx:42:23)
    at RoomsPage.useEffect (webpack-internal:///(app-pages-browser)/./app/rooms/page.tsx:104:48) @ webpack-internal:///(app-pages-browser)/./node_modules/next/dist/client/components/globals/intercept-console-error.js:49
[ 1995526ms] [ERROR] Failed to load resource: net::ERR_FAILED @ http://localhost:9000/__nextjs_original-stack-frames:0
[ 2000518ms] [ERROR] Failed to load resource: net::ERR_FAILED @ http://localhost:9000/api/rooms?sort=newest:0
[ 2000518ms] [ERROR] TypeError: Failed to fetch
    at fetchRooms (webpack-internal:///(app-pages-browser)/./app/rooms/page.tsx:42:23)
    at RoomsPage.useEffect (webpack-internal:///(app-pages-browser)/./app/rooms/page.tsx:104:48) @ webpack-internal:///(app-pages-browser)/./node_modules/next/dist/client/components/globals/intercept-console-error.js:49
[ 2000540ms] [ERROR] Failed to load resource: net::ERR_FAILED @ http://localhost:9000/__nextjs_original-stack-frames:0
[ 2005515ms] [ERROR] Failed to load resource: net::ERR_FAILED @ http://localhost:9000/api/rooms?sort=newest:0
[ 2005515ms] [ERROR] TypeError: Failed to fetch
    at fetchRooms (webpack-internal:///(app-pages-browser)/./app/rooms/page.tsx:42:23)
    at RoomsPage.useEffect (webpack-internal:///(app-pages-browser)/./app/rooms/page.tsx:104:48) @ webpack-internal:///(app-pages-browser)/./node_modules/next/dist/client/components/globals/intercept-console-error.js:49
[ 2005533ms] [ERROR] Failed to load resource: net::ERR_FAILED @ http://localhost:9000/__nextjs_original-stack-frames:0
[ 2010518ms] [ERROR] Failed to load resource: net::ERR_FAILED @ http://localhost:9000/api/rooms?sort=newest:0
[ 2010519ms] [ERROR] TypeError: Failed to fetch
    at fetchRooms (webpack-internal:///(app-pages-browser)/./app/rooms/page.tsx:42:23)
    at RoomsPage.useEffect (webpack-internal:///(app-pages-browser)/./app/rooms/page.tsx:104:48) @ webpack-internal:///(app-pages-browser)/./node_modules/next/dist/client/components/globals/intercept-console-error.js:49
[ 2010539ms] [ERROR] Failed to load resource: net::ERR_FAILED @ http://localhost:9000/__nextjs_original-stack-frames:0
[ 2015517ms] [ERROR] Failed to load resource: net::ERR_FAILED @ http://localhost:9000/api/rooms?sort=newest:0
[ 2015518ms] [ERROR] TypeError: Failed to fetch
    at fetchRooms (webpack-internal:///(app-pages-browser)/./app/rooms/page.tsx:42:23)
    at RoomsPage.useEffect (webpack-internal:///(app-pages-browser)/./app/rooms/page.tsx:104:48) @ webpack-internal:///(app-pages-browser)/./node_modules/next/dist/client/components/globals/intercept-console-error.js:49
[ 2015538ms] [ERROR] Failed to load resource: net::ERR_FAILED @ http://localhost:9000/__nextjs_original-stack-frames:0
[ 2020516ms] [ERROR] Failed to load resource: net::ERR_FAILED @ http://localhost:9000/api/rooms?sort=newest:0
[ 2020516ms] [ERROR] TypeError: Failed to fetch
    at fetchRooms (webpack-internal:///(app-pages-browser)/./app/rooms/page.tsx:42:23)
    at RoomsPage.useEffect (webpack-internal:///(app-pages-browser)/./app/rooms/page.tsx:104:48) @ webpack-internal:///(app-pages-browser)/./node_modules/next/dist/client/components/globals/intercept-console-error.js:49
[ 2020537ms] [ERROR] Failed to load resource: net::ERR_FAILED @ http://localhost:9000/__nextjs_original-stack-frames:0
[ 2025516ms] [ERROR] Failed to load resource: net::ERR_FAILED @ http://localhost:9000/api/rooms?sort=newest:0
[ 2025516ms] [ERROR] TypeError: Failed to fetch
    at fetchRooms (webpack-internal:///(app-pages-browser)/./app/rooms/page.tsx:42:23)
    at RoomsPage.useEffect (webpack-internal:///(app-pages-browser)/./app/rooms/page.tsx:104:48) @ webpack-internal:///(app-pages-browser)/./node_modules/next/dist/client/components/globals/intercept-console-error.js:49
[ 2025527ms] [ERROR] Failed to load resource: net::ERR_FAILED @ http://localhost:9000/__nextjs_original-stack-frames:0
